time	T hot	T water	T cold	mBar
14:15:43	18.2	25.7	18.0	8322
14:15:45	18.2	25.7	18.0	8321
14:15:47	18.4	25.6	18.1	8321
14:15:48	18.4	25.6	18.1	8320
14:15:50	18.4	25.6	18.1	8319
14:15:51	18.4	25.6	18.1	8320
14:15:53	18.4	25.5	18.1	8320
14:15:54	18.4	25.5	18.1	8321
14:15:56	18.3	25.5	18.1	8320
14:15:58	18.4	25.5	18.1	8321
14:15:59	18.4	25.5	18.2	8320
14:16:01	18.4	25.5	18.2	8321
14:16:02	18.4	25.5	18.1	8322
14:16:04	18.4	25.5	18.2	8321
14:16:06	24.7	25.5	17.6	8320
14:16:07	18.6	25.5	16.5	8319
14:16:09	16.1	25.5	15.6	8316
14:16:10	14.8	25.5	14.9	8315
14:16:12	14.1	25.5	14.0	8311
14:16:13	13.8	25.4	13.2	8310
14:16:15	13.5	25.5	12.4	8307
14:16:17	13.3	25.4	11.6	8305
14:16:18	13.1	25.5	10.9	8302
14:16:20	13.0	25.4	10.1	8301
14:16:21	12.8	25.4	9.4	8298
14:16:23	12.8	25.4	8.8	8296
14:16:24	12.8	25.4	8.1	8294
14:16:26	12.7	25.5	7.4	8293
14:16:28	12.7	25.5	6.7	8290
14:16:29	12.7	25.5	6.1	8289
14:16:31	12.6	25.4	5.4	8284
14:16:32	12.7	25.5	5.0	8283
14:16:34	12.7	25.5	4.2	8280
14:16:36	12.7	25.4	3.6	8278
14:16:37	12.7	25.4	3.1	8278
14:16:39	12.7	25.4	2.4	8273
14:16:40	12.7	25.4	1.9	8275
14:16:42	12.7	25.4	1.3	8268
14:16:43	12.7	25.4	0.8	8268
14:16:45	12.8	25.5	0.3	8267
14:16:47	12.8	25.5	-0.2	8265
14:16:48	12.8	25.5	-0.8	8262
14:16:50	12.8	25.5	-1.2	8262
14:16:51	12.9	25.5	-1.8	8258
14:16:53	12.8	25.5	-2.3	8255
14:16:54	12.9	25.5	-2.7	8254
14:16:56	12.9	25.5	-3.2	8250
14:16:58	12.9	25.5	-3.8	8250
14:16:59	12.9	25.6	-4.2	8247
14:17:01	13.0	25.6	-4.7	8247
14:17:02	13.0	25.6	-5.3	8243
14:17:04	13.1	25.6	-5.6	8243
14:17:06	13.1	25.6	-6.1	8241
14:17:07	13.1	25.5	-6.6	8237
14:17:09	13.1	25.6	-7.0	8237
14:17:10	13.2	25.6	-7.3	8234
14:17:12	13.2	25.6	-7.6	8233
14:17:13	13.2	25.5	-8.0	8231
14:17:15	13.2	25.6	-8.3	8229
14:17:17	13.2	25.6	-8.7	8229
14:17:18	13.3	25.6	-9.1	8226
14:17:20	13.3	25.5	-9.5	8222
14:17:21	13.3	25.5	-9.9	8222
14:17:23	13.4	25.5	-10.2	8221
14:17:24	13.4	25.7	-10.6	8221
14:17:26	13.4	25.7	-10.9	8218
14:17:28	13.5	25.8	-11.3	8218
14:17:29	13.5	25.8	-11.6	8216
14:17:31	13.5	25.8	-12.0	8215
14:17:32	13.5	25.8	-12.3	8213
14:17:34	13.5	25.7	-12.7	8212
14:17:36	13.5	25.7	-13.0	8208
14:17:37	13.5	25.8	-13.5	8207
14:17:39	13.5	25.8	-13.7	8207
14:17:40	13.5	26.0	-14.1	8206
14:17:42	13.6	26.1	-14.4	8205
14:17:43	13.6	26.1	-14.7	8202
14:17:45	13.6	26.1	-15.0	8202
14:17:47	13.6	26.1	-15.4	8199
14:17:48	13.6	26.0	-15.7	8199
14:17:50	13.6	26.0	-16.1	8194
14:17:51	13.6	25.9	-16.4	8195
14:17:53	13.7	25.9	-16.7	8191
14:17:55	13.7	25.9	-17.1	8191
14:17:56	13.7	25.9	-17.4	8187
14:17:58	13.7	25.9	-17.7	8187
14:17:59	13.7	26.0	-18.1	8187
14:18:01	13.7	26.0	-18.4	8185
14:18:02	13.7	26.0	-18.7	8181
14:18:04	13.8	26.0	-19.0	8180
14:18:06	13.8	26.0	-19.3	8179
14:18:07	13.7	26.1	-19.7	8176
14:18:09	13.7	26.0	-20.0	8177
14:18:10	13.8	26.0	-20.3	8175
14:18:12	13.8	26.0	-20.6	8173
14:18:13	13.7	25.9	-20.9	8173
14:18:15	13.8	25.9	-21.2	8171
14:18:17	13.8	26.0	-21.5	8168
14:18:18	13.8	26.0	-21.8	8166
14:18:20	13.8	26.0	-22.1	8168
14:18:21	13.8	26.0	-22.4	8165
14:18:23	13.8	26.1	-22.7	8164
14:18:24	13.8	26.0	-22.9	8161
14:18:26	13.8	26.1	-23.3	8161
14:18:28	13.8	26.0	-23.5	8158
14:18:29	13.8	25.9	-23.8	8158
14:18:31	13.8	25.8	-24.1	8156
14:18:32	13.8	25.7	-24.3	8155
14:18:34	13.9	25.8	-24.6	8154
14:18:36	13.9	25.8	-24.9	8151
14:18:37	13.9	25.8	-25.1	8150
14:18:39	13.9	26.0	-25.4	8150
14:18:40	13.8	26.0	-25.7	8149
14:18:42	13.8	26.1	-25.9	8147
14:18:43	13.8	26.1	-26.2	8145
14:18:45	13.9	26.1	-26.4	8144
14:18:47	13.9	26.1	-26.7	8143
14:18:48	13.8	26.1	-27.0	8142
14:18:50	13.8	26.1	-27.2	8140
14:18:51	13.8	26.1	-27.4	8138
14:18:53	13.9	26.1	-27.7	8137
14:18:54	13.9	26.1	-27.9	8135
14:18:56	13.9	26.0	-28.1	8133
14:18:58	13.9	26.1	-28.4	8132
14:18:59	13.9	26.1	-28.6	8132
14:19:01	13.9	26.0	-28.8	8128
14:19:02	13.9	26.1	-29.1	8130
14:19:04	13.9	26.0	-29.3	8127
14:19:06	13.9	26.0	-29.5	8125
14:19:07	13.9	26.0	-29.8	8123
14:19:09	13.9	26.0	-29.9	8123
14:19:10	13.9	26.0	-30.3	8118
14:19:12	13.9	26.1	-30.4	8118
14:19:13	13.9	26.2	-30.6	8116
14:19:15	13.9	26.2	-30.8	8116
14:19:17	13.8	26.2	-31.1	8112
14:19:18	13.9	26.2	-31.3	8107
14:19:20	13.9	26.2	-31.5	8104
14:19:21	13.9	26.2	-31.7	8101
14:19:23	13.8	26.2	-31.9	8098
14:19:25	13.8	26.3	-32.1	8100
14:19:26	13.9	26.2	-32.3	8097
14:19:28	13.8	26.2	-32.6	8096
14:19:29	13.8	26.1	-32.8	8095
14:19:31	13.8	26.2	-32.9	8093
14:19:32	13.8	26.2	-33.2	8091
14:19:34	13.8	26.2	-33.3	8091
14:19:36	13.8	26.0	-33.5	8090
14:19:37	13.8	26.1	-33.7	8090
14:19:39	13.8	26.1	-33.9	8088
14:19:40	13.8	26.1	-34.1	8087
14:19:42	13.7	26.1	-34.3	8087
14:19:43	13.7	26.1	-34.5	8085
14:19:45	13.7	26.0	-34.7	8083
14:19:47	13.7	26.1	-34.9	8082
14:19:48	13.7	26.1	-35.0	8081
14:19:50	13.8	26.1	-35.2	8080
14:19:51	13.7	26.1	-35.4	8078
14:19:53	13.7	26.2	-35.5	8078
14:19:55	13.8	26.1	-35.7	8076
14:19:56	13.7	26.1	-35.9	8074
14:19:58	13.7	26.1	-36.0	8074
14:19:59	13.7	26.2	-36.2	8074
14:20:01	13.7	26.1	-36.4	8069
14:20:02	13.7	26.1	-36.5	8071
14:20:04	13.7	26.1	-36.7	8069
14:20:06	13.7	26.2	-36.8	8069
14:20:07	13.7	26.1	-37.0	8066
14:20:09	13.7	26.1	-37.1	8065
14:20:10	13.7	26.1	-37.3	8064
14:20:12	13.7	26.2	-37.4	8060
14:20:13	13.7	26.3	-37.6	8061
14:20:15	13.7	26.3	-37.7	8055
14:20:17	13.6	26.2	-37.8	8051
14:20:18	13.6	26.2	-38.0	8034
14:20:20	13.7	26.2	-38.1	8018
14:20:21	13.6	26.2	-38.2	8005
14:20:23	13.7	26.1	-38.3	7984
14:20:25	13.7	26.1	-38.4	7972
14:20:26	13.7	26.1	-38.5	7951
14:20:28	13.7	26.1	-38.6	7941
14:20:29	13.7	26.1	-38.8	7920
14:20:31	13.7	26.0	-38.9	7906
14:20:33	13.7	25.8	-39.0	7880
14:20:34	13.7	25.8	-39.1	7863
14:20:36	13.6	25.9	-39.3	7841
14:20:37	13.7	26.0	-39.3	7820
14:20:39	13.6	26.0	-39.4	7809
14:20:41	13.6	26.2	-39.6	7788
14:20:42	13.6	26.2	-39.7	7778
14:20:44	13.6	26.2	-39.8	7755
14:20:45	13.6	26.2	-39.9	7746
14:20:47	13.6	26.1	-40.0	7725
14:20:48	13.6	26.1	-40.1	7715
14:20:50	13.6	26.1	-40.2	7696
14:20:52	13.5	26.1	-40.4	7682
14:20:53	13.5	26.2	-40.5	7663
14:20:55	13.5	26.1	-40.6	7629
14:20:56	13.5	26.1	-40.7	7619
14:20:58	13.5	26.1	-40.7	7602
14:21:00	13.5	26.2	-40.8	7591
14:21:01	13.5	26.2	-40.9	7571
14:21:03	13.5	26.1	-41.0	7561
14:21:04	13.4	26.2	-41.1	7539
14:21:06	13.5	26.2	-41.3	7530
14:21:07	13.5	26.2	-41.4	7512
14:21:09	13.4	26.2	-41.4	7502
14:21:11	13.5	26.2	-41.5	7482
14:21:12	13.4	26.2	-41.5	7472
14:21:14	13.4	26.2	-41.6	7455
14:21:15	13.4	26.2	-41.7	7444
14:21:17	13.4	26.2	-41.8	7423
14:21:18	13.4	26.2	-41.9	7394
14:21:20	13.4	26.2	-42.0	7389
14:21:22	13.4	26.2	-42.1	7369
14:21:23	13.4	26.3	-42.2	7362
14:21:25	13.4	26.4	-42.2	7346
14:21:26	13.4	26.4	-42.3	7335
14:21:28	13.4	26.3	-42.4	7319
14:21:30	13.3	26.2	-42.5	7309
14:21:31	13.3	26.3	-42.6	7291
14:21:33	13.3	26.3	-42.7	7284
14:21:34	13.3	26.2	-42.8	7269
14:21:36	13.3	26.2	-42.8	7260
14:21:37	13.3	26.2	-42.9	7244
14:21:39	13.3	26.3	-42.9	7227
14:21:41	13.3	26.3	-43.0	7220
14:21:42	13.3	26.3	-43.1	7203
14:21:44	13.3	26.2	-43.1	7196
14:21:45	13.3	26.2	-43.2	7170
14:21:47	13.3	26.2	-43.3	7163
14:21:49	13.3	26.2	-43.3	7147
14:21:50	13.3	26.1	-43.4	7140
14:21:52	13.2	26.2	-43.5	7127
14:21:53	13.3	26.2	-43.5	7119
14:21:55	13.3	26.1	-43.6	7103
14:21:56	13.3	26.2	-43.6	7096
14:21:58	13.3	26.1	-43.6	7082
14:22:00	13.2	26.1	-43.7	7074
14:22:01	13.2	26.1	-43.8	7060
14:22:03	13.2	26.2	-43.9	7046
14:22:04	13.2	26.2	-44.0	7041
14:22:06	13.2	26.2	-44.0	7028
14:22:07	13.2	26.2	-44.1	7020
14:22:09	13.2	26.2	-44.1	7007
14:22:11	13.2	26.3	-44.2	6998
14:22:12	13.2	26.3	-44.3	6984
14:22:14	13.2	26.2	-44.3	6982
14:22:15	13.1	26.2	-44.4	6970
14:22:17	13.1	26.3	-44.4	6965
14:22:19	13.1	26.3	-44.5	6942
14:22:20	13.1	26.3	-44.6	6931
14:22:22	13.0	26.3	-44.7	6925
14:22:23	13.0	26.4	-44.8	6914
14:22:25	13.0	26.5	-44.8	6908
14:22:27	13.0	26.4	-44.8	6895
14:22:28	13.0	26.3	-45.0	6890
14:22:30	13.0	26.3	-45.0	6878
14:22:31	13.0	26.2	-45.1	6873
14:22:33	13.0	26.3	-45.1	6864
14:22:34	13.0	26.2	-45.1	6857
14:22:36	13.0	26.3	-45.2	6845
14:22:38	12.9	26.3	-45.2	6840
14:22:39	12.9	26.3	-45.3	6828
14:22:41	12.9	26.3	-45.3	6819
14:22:42	12.9	26.2	-45.3	6814
14:22:44	12.9	26.2	-45.4	6802
14:22:46	12.9	26.1	-45.5	6796
14:22:47	12.9	26.2	-45.6	6786
14:22:49	12.9	26.2	-45.6	6783
14:22:50	12.9	26.4	-45.6	6773
14:22:52	12.9	26.3	-45.7	6769
14:22:53	12.9	26.4	-45.7	6758
14:22:55	12.9	26.4	-45.8	6755
14:22:57	12.9	26.4	-45.8	6744
14:22:58	12.8	26.4	-45.9	6741
14:23:00	12.9	26.4	-45.9	6729
14:23:01	12.8	26.4	-46.0	6725
14:23:03	12.8	26.3	-46.0	6706
14:23:04	12.9	26.3	-46.0	6700
14:23:06	12.8	26.3	-46.0	6695
14:23:08	12.7	26.3	-46.2	6686
14:23:09	12.7	26.4	-46.2	6681
14:23:11	12.7	26.3	-46.3	6673
14:23:12	12.7	26.2	-46.3	6669
14:23:14	12.7	26.2	-46.3	6661
14:23:16	12.7	26.1	-46.3	6656
14:23:17	12.7	26.0	-46.4	6650
14:23:19	12.7	26.0	-46.4	6645
14:23:20	12.7	26.1	-46.5	6638
14:23:22	12.6	26.1	-46.6	6633
14:23:23	12.6	26.1	-46.6	6625
14:23:25	12.7	26.2	-46.6	6623
14:23:27	12.6	26.3	-46.6	6614
14:23:28	12.6	26.3	-46.7	6607
14:23:30	12.6	26.5	-46.8	6603
14:23:31	12.7	26.4	-46.7	6611
14:23:33	12.7	26.4	-46.8	6612
14:23:34	12.7	26.5	-46.8	6608
14:23:36	12.7	26.5	-46.8	6608
14:23:38	12.7	26.6	-46.8	6606
14:23:39	12.7	26.4	-46.8	6603
14:23:41	12.7	26.3	-46.9	6603
14:23:42	12.6	26.2	-47.0	6601
14:23:44	12.6	26.3	-46.9	6601
14:23:46	12.6	26.3	-47.0	6600
14:23:47	12.6	26.2	-47.0	6598
14:23:49	12.6	26.2	-47.1	6600
14:23:50	12.6	26.2	-47.2	6600
14:23:52	12.6	26.2	-47.2	6595
14:23:54	12.6	26.0	-47.3	6595
14:23:55	12.6	26.1	-47.3	6592
14:23:57	12.6	26.0	-47.3	6596
14:23:58	12.6	26.0	-47.3	6593
14:24:00	12.6	26.1	-47.4	6595
14:24:01	12.6	26.1	-47.4	6593
14:24:03	12.6	26.1	-47.4	6593
14:24:05	12.6	26.1	-47.4	6595
14:24:06	12.6	26.1	-47.5	6593
14:24:08	12.6	26.1	-47.5	6595
14:24:09	12.6	26.0	-47.5	6593
14:24:11	12.6	26.0	-47.6	6595
14:24:12	12.5	26.1	-47.6	6593
14:24:14	12.6	26.1	-47.6	6593
14:24:16	12.5	26.1	-47.6	6595
14:24:17	12.5	26.1	-47.7	6592
14:24:19	12.5	26.1	-47.7	6593
14:24:20	12.5	26.1	-47.7	6593
14:24:22	12.5	26.1	-47.7	6595
14:24:24	12.4	26.1	-47.7	6597
14:24:25	12.5	26.2	-47.7	6598
14:24:27	12.5	26.2	-47.7	6596
14:24:28	12.5	26.2	-47.8	6600
14:24:30	12.5	26.2	-47.8	6600
14:24:31	12.4	26.0	-47.8	6601
14:24:33	12.5	26.0	-47.8	6602
14:24:35	12.4	26.0	-47.8	6603
14:24:36	12.4	26.0	-47.9	6604
14:24:38	12.4	26.0	-48.0	6606
14:24:39	12.4	26.1	-48.0	6607
14:24:41	12.4	26.1	-48.0	6607
14:24:43	12.4	26.1	-48.0	6611
14:24:44	12.4	26.1	-48.0	6612
14:24:46	12.4	26.2	-48.1	6612
14:24:47	12.4	26.1	-48.0	6612
14:24:49	12.4	26.3	-48.1	6614
14:24:50	12.4	26.3	-48.1	6617
14:24:52	12.3	26.3	-48.0	6616
14:24:54	12.3	26.3	-48.0	6621
14:24:55	12.3	26.3	-48.0	6617
14:24:57	12.3	26.3	-48.0	6619
14:24:58	12.3	26.2	-47.9	6621
14:25:00	12.3	26.2	-47.7	6622
14:25:01	12.3	26.1	-47.6	6621
14:25:03	12.4	26.1	-47.7	6623
14:25:05	12.4	26.3	-47.8	6624
14:25:06	12.3	26.3	-47.9	6625
14:25:08	12.3	26.3	-48.0	6627
14:25:09	12.3	26.3	-48.0	6628
14:25:11	12.3	26.3	-48.1	6629
14:25:13	12.3	26.2	-48.1	6632
14:25:14	12.3	26.3	-48.1	6633
14:25:16	12.3	26.3	-48.1	6633
14:25:17	12.3	26.3	-48.1	6635
14:25:19	12.3	26.2	-48.1	6635
14:25:20	12.2	26.3	-48.1	6634
14:25:22	12.3	26.2	-48.1	6637
14:25:24	12.3	26.1	-48.1	6637
14:25:25	12.2	26.2	-48.1	6638
14:25:27	12.2	26.2	-48.1	6642
14:25:28	12.2	26.3	-48.1	6642
14:25:30	12.2	26.3	-48.1	6647
14:25:32	12.2	26.3	-48.1	6644
14:25:33	12.2	26.3	-48.0	6645
14:25:35	12.1	26.3	-48.1	6649
14:25:36	12.1	26.4	-48.1	6647
14:25:38	12.1	26.4	-48.0	6651
14:25:39	12.1	26.5	-48.0	6653
14:25:41	12.1	26.5	-48.0	6654
14:25:43	12.1	26.4	-48.0	6654
14:25:44	12.1	26.3	-48.0	6655
14:25:46	12.1	26.3	-48.0	6659
14:25:47	12.1	26.3	-48.0	6661
14:25:49	12.1	26.3	-47.9	6656
14:25:50	12.2	26.3	-47.8	6663
14:25:52	12.2	26.2	-47.8	6664
14:25:54	12.2	26.3	-47.8	6664
14:25:55	12.2	26.3	-47.8	6665
14:25:57	12.2	26.3	-47.8	6669
14:25:58	12.2	26.3	-47.7	6670
14:26:00	12.2	26.3	-47.7	6670
14:26:02	12.2	26.3	-47.7	6674
14:26:03	12.1	26.2	-47.7	6674
14:26:05	12.2	26.3	-47.6	6674
14:26:06	12.2	26.3	-47.6	6675
14:26:08	12.1	26.2	-47.5	6679
14:26:09	12.1	26.3	-47.5	6676
14:26:11	12.2	26.3	-47.5	6679
14:26:13	12.2	26.1	-47.5	6680
14:26:14	12.2	26.1	-47.6	6684
14:26:16	12.1	26.2	-47.6	6682
14:26:17	12.1	26.2	-47.6	6681
14:26:19	12.1	26.2	-47.6	6684
14:26:20	12.1	26.2	-47.6	6686
14:26:22	12.1	26.3	-47.6	6686
14:26:24	12.1	26.3	-47.6	6690
14:26:25	12.1	26.3	-47.6	6687
14:26:27	12.1	26.3	-47.5	6689
14:26:28	12.1	26.4	-47.5	6692
14:26:30	12.1	26.3	-47.5	6692
14:26:32	12.0	26.2	-47.5	6692
14:26:33	12.1	26.1	-47.5	6694
14:26:35	12.0	26.1	-47.5	6694
14:26:36	12.1	26.0	-47.5	6694
14:26:38	12.1	26.1	-47.5	6695
14:26:39	12.1	26.1	-47.4	6696
14:26:41	12.1	26.2	-47.4	6696
14:26:43	12.1	26.2	-47.5	6699
14:26:44	12.1	26.1	-47.5	6701
14:26:46	12.0	26.1	-47.5	6699
14:26:47	12.1	26.1	-47.4	6697
14:26:49	12.1	26.1	-47.4	6699
14:26:50	12.1	26.1	-47.4	6699
14:26:52	12.0	26.1	-47.4	6703
14:26:54	12.1	26.2	-47.4	6703
14:26:55	12.1	26.3	-47.4	6707
14:26:57	12.0	26.3	-47.4	6703
14:26:58	12.0	26.4	-47.4	6706
14:27:00	12.1	26.4	-47.3	6706
14:27:02	12.1	26.6	-47.3	6707
14:27:03	12.0	26.4	-47.3	6708
14:27:05	12.0	26.4	-47.3	6710
14:27:06	12.0	26.3	-47.3	6710
14:27:08	12.0	26.6	-47.2	6711
14:27:09	12.0	26.6	-47.2	6711
14:27:11	12.0	26.4	-47.1	6713
14:27:13	12.0	26.4	-47.1	6713
14:27:14	12.0	26.4	-47.1	6713
14:27:16	12.0	26.5	-47.0	6717
14:27:17	12.0	26.4	-47.1	6717
14:27:19	12.0	26.5	-47.1	6717
14:27:20	12.0	26.5	-47.0	6720
14:27:22	12.0	26.5	-47.1	6722
14:27:24	11.9	26.5	-47.1	6720
14:27:25	12.0	26.4	-47.1	6729
14:27:27	12.0	26.4	-47.0	6725
14:27:28	11.9	26.4	-47.1	6734
14:27:30	11.9	26.3	-47.1	6731
14:27:31	12.0	26.2	-47.0	6733
14:27:33	11.9	26.2	-47.0	6734
14:27:35	11.9	26.2	-47.0	6733
14:27:36	11.9	26.2	-47.1	6734
14:27:38	11.9	26.2	-47.0	6736
14:27:39	11.9	26.2	-47.0	6734
14:27:41	11.9	26.1	-47.0	6737
14:27:43	11.9	26.1	-47.0	6736
14:27:44	11.9	26.1	-47.0	6734
14:27:46	11.8	26.1	-47.0	6738
14:27:47	11.8	26.1	-47.0	6739
14:27:49	11.9	26.0	-47.0	6739
14:27:50	11.9	26.0	-47.0	6739
14:27:52	11.8	26.1	-47.0	6739
14:27:54	11.8	26.1	-47.0	6739
14:27:55	11.8	26.1	-47.0	6737
14:27:57	11.8	26.2	-47.1	6741
14:27:58	11.8	26.1	-47.1	6739
14:28:00	11.8	26.1	-47.1	6741
14:28:02	11.8	26.1	-47.1	6741
14:28:03	11.8	26.1	-47.1	6742
14:28:05	11.8	26.2	-47.1	6741
14:28:06	11.8	26.1	-47.0	6744
14:28:08	11.8	26.1	-47.0	6744
14:28:09	11.8	26.1	-47.0	6744
14:28:11	11.8	26.1	-47.0	6744
14:28:13	11.8	26.1	-47.0	6744
14:28:14	11.8	26.1	-47.0	6746
14:28:16	11.8	26.1	-47.0	6748
14:28:17	11.8	26.1	-47.0	6747
14:28:19	11.8	26.1	-47.0	6749
14:28:20	11.8	26.1	-47.0	6749
14:28:22	11.8	26.1	-47.0	6750
14:28:24	11.8	26.2	-47.0	6752
14:28:25	11.8	26.2	-46.9	6749
14:28:27	11.8	26.2	-46.9	6753
14:28:28	11.8	26.2	-46.9	6749
14:28:30	11.8	26.3	-46.9	6753
14:28:32	11.7	26.4	-47.0	6753
14:28:33	11.7	26.4	-47.0	6753
14:28:35	11.8	26.4	-46.9	6752
14:28:36	11.8	26.4	-46.9	6755
14:28:38	11.7	26.5	-46.9	6753
14:28:40	11.7	26.4	-46.9	6754
14:28:41	11.7	26.5	-46.9	6754
14:28:43	11.7	26.3	-46.9	6755
14:28:44	11.7	26.4	-46.9	6754
14:28:46	11.7	26.3	-46.9	6757
14:28:47	11.7	26.2	-46.9	6755
14:28:49	11.7	26.2	-46.9	6755
14:28:51	11.7	26.2	-46.9	6757
14:28:52	11.7	26.1	-47.0	6758
14:28:54	11.6	26.1	-46.9	6758
14:28:55	11.6	26.1	-46.9	6758
14:28:57	11.7	26.2	-46.9	6760
14:28:58	11.6	26.2	-46.9	6759
14:29:00	11.6	26.2	-46.9	6757
14:29:02	11.7	26.3	-46.9	6758
14:29:03	11.6	26.4	-46.9	6757
14:29:05	11.6	26.3	-46.9	6759
14:29:06	11.6	26.2	-46.9	6759
14:29:08	11.6	26.2	-46.9	6759
14:29:10	11.6	26.2	-46.9	6760
14:29:11	11.6	26.2	-46.9	6760
14:29:13	11.6	26.2	-46.9	6760
14:29:14	11.6	26.1	-46.9	6763
14:29:16	11.6	26.1	-46.9	6765
14:29:18	11.6	26.1	-46.9	6763
14:29:19	11.6	26.2	-46.9	6765
14:29:21	11.6	26.3	-47.0	6764
14:29:22	11.6	26.3	-46.9	6765
14:29:24	11.6	26.3	-46.9	6764
14:29:25	11.6	26.2	-46.9	6764
14:29:27	11.6	26.2	-46.9	6763
14:29:29	11.6	26.2	-47.0	6767
14:29:30	11.6	26.3	-46.9	6764
14:29:32	11.6	26.3	-46.9	6763
14:29:33	11.6	26.3	-47.0	6764
14:29:35	11.6	26.3	-47.0	6765
14:29:36	11.6	26.3	-46.9	6767
14:29:38	11.6	26.3	-46.9	6767
14:29:40	11.5	26.2	-47.0	6767
14:29:41	11.5	26.3	-46.9	6765
14:29:43	11.6	26.3	-46.9	6764
14:29:44	11.5	26.2	-46.9	6767
14:29:46	11.6	26.2	-46.9	6767
14:29:48	11.5	26.1	-46.9	6768
14:29:49	11.5	26.1	-46.9	6767
14:29:51	11.5	26.1	-46.9	6767
14:29:52	11.5	26.1	-46.9	6769
14:29:54	11.5	26.1	-46.9	6769
14:29:55	11.4	26.1	-47.0	6768
14:29:57	11.5	26.1	-47.0	6767
14:29:59	11.5	26.2	-46.9	6768
14:30:00	11.5	26.2	-46.9	6769
14:30:02	11.5	26.1	-46.9	6770
14:30:03	11.5	26.1	-46.9	6768
14:30:05	11.5	26.1	-46.9	6769
14:30:07	11.5	26.2	-46.9	6767
14:30:08	11.5	26.2	-46.9	6769
14:30:10	11.5	26.1	-46.9	6769
14:30:11	11.5	26.2	-46.9	6769
14:30:13	11.5	26.2	-46.9	6769
14:30:14	11.5	26.2	-46.8	6770
14:30:16	11.5	26.2	-46.8	6770
14:30:18	11.5	26.2	-46.8	6769
14:30:19	11.5	26.2	-46.8	6768
14:30:21	11.5	26.2	-46.9	6769
14:30:22	11.5	26.2	-46.8	6769
14:30:24	11.5	26.2	-46.9	6773
14:30:26	11.5	26.2	-46.8	6772
14:30:27	11.5	26.1	-46.8	6773
14:30:29	11.5	26.1	-46.8	6773
14:30:30	11.5	26.0	-46.8	6770
14:30:32	11.5	26.0	-46.8	6770
14:30:33	11.5	26.1	-46.8	6769
14:30:35	11.5	26.1	-46.8	6770
14:30:37	11.5	26.2	-46.8	6769
14:30:38	11.5	26.1	-46.8	6769
14:30:40	11.5	26.3	-46.8	6769
14:30:41	11.5	26.3	-46.8	6769
14:30:43	11.5	26.4	-46.8	6768
14:30:44	11.5	26.4	-46.9	6772
14:30:46	11.5	26.5	-46.8	6773
14:30:48	11.5	26.5	-46.8	6770
14:30:49	11.5	26.6	-46.8	6772
14:30:51	11.4	26.5	-46.9	6772
14:30:52	11.5	26.4	-46.8	6773
14:30:54	11.4	26.4	-46.9	6772
14:30:56	11.5	26.3	-46.8	6773
14:30:57	11.4	26.2	-46.8	6773
14:30:59	11.4	26.2	-46.8	6773
14:31:00	11.4	26.3	-46.8	6773
14:31:02	10.5	26.3	-46.8	6773
14:31:03	7.3	26.2	-46.3	6789
14:31:05	6.7	26.2	-45.6	6824
14:31:07	6.7	26.3	-45.0	6842
14:31:08	6.8	26.3	-44.4	6880
14:31:10	6.9	26.2	-43.8	6903
14:31:11	6.7	26.2	-43.2	6939
14:31:13	6.3	26.2	-42.7	6971
14:31:14	6.1	26.2	-42.3	7012
14:31:16	6.0	26.1	-41.7	7035
14:31:18	5.8	26.2	-41.3	7078
14:31:19	5.7	26.1	-40.7	7103
14:31:21	5.5	26.3	-40.3	7150
14:31:22	5.4	26.3	-39.9	7176
14:31:24	5.3	26.3	-39.5	7242
14:31:25	5.2	26.2	-39.1	7267
14:31:27	5.0	26.2	-38.7	7326
14:31:29	4.9	26.2	-38.3	7384
14:31:30	4.8	26.2	-37.9	7429
14:31:32	4.6	26.2	-37.6	7503
14:31:33	4.6	26.3	-37.2	7548
14:31:35	4.5	26.3	-36.9	7665
14:31:37	4.3	26.3	-36.6	7708
14:31:38	4.2	26.3	-36.3	7769
14:31:40	4.1	26.3	-36.0	7788
14:31:41	4.0	26.2	-35.6	7825
14:31:43	4.0	26.2	-35.2	7836
14:31:44	3.8	26.2	-34.9	7862
14:31:46	3.7	26.3	-34.5	7873
14:31:48	3.6	26.3	-34.2	7905
14:31:49	3.5	26.2	-33.9	7916
14:31:51	3.4	26.1	-33.5	7940
14:31:52	3.3	26.2	-33.2	7966
14:31:54	3.3	26.2	-32.9	7975
14:31:55	3.2	26.2	-32.6	8003
14:31:57	3.0	26.2	-32.3	8013
14:31:59	3.0	26.3	-32.0	8019
14:32:00	2.9	26.3	-31.7	8026
14:32:02	2.8	26.2	-31.4	8036
14:32:03	2.6	26.2	-31.1	8045
14:32:05	2.6	26.2	-30.8	8059
14:32:07	2.5	26.4	-30.6	8060
14:32:08	2.4	26.4	-30.3	8061
14:32:10	2.4	26.4	-30.0	8061
14:32:11	2.2	26.3	-29.8	8064
14:32:13	2.1	26.2	-29.5	8065
14:32:14	2.1	26.2	-29.2	8066
14:32:16	2.0	26.2	-28.9	8069
14:32:18	1.9	26.2	-28.7	8071
14:32:19	1.9	26.2	-28.4	8072
14:32:21	1.8	26.2	-28.1	8074
14:32:22	1.7	26.2	-27.9	8075
14:32:24	1.7	26.2	-27.6	8074
14:32:25	1.6	26.2	-27.4	8075
14:32:27	1.5	26.3	-27.1	8076
14:32:29	1.4	26.2	-27.0	8080
14:32:30	1.3	26.1	-26.7	8080
14:32:32	1.3	26.2	-26.5	8080
14:32:33	1.2	26.2	-26.3	8083
14:32:35	1.2	26.2	-26.0	8083
14:32:36	1.1	26.2	-25.8	8085
14:32:38	1.1	26.3	-25.6	8086
14:32:40	1.0	26.3	-25.4	8087
14:32:41	0.9	26.3	-25.2	8088
14:32:43	0.9	26.2	-25.0	8087
14:32:44	0.8	26.1	-24.8	8090
14:32:46	0.7	26.3	-24.5	8091
14:32:48	0.7	26.3	-24.4	8092
14:32:49	0.6	26.3	-24.1	8093
14:32:51	0.6	26.3	-23.9	8093
14:32:52	0.6	26.3	-23.6	8093
14:32:54	0.6	26.3	-23.5	8096
14:32:55	0.5	26.3	-23.3	8097
14:32:57	0.4	26.4	-23.0	8100
14:32:59	0.3	26.5	-22.9	8101
14:33:00	0.3	26.6	-22.7	8102
14:33:02	0.2	26.6	-22.5	8102
14:33:03	0.2	26.6	-22.3	8103
14:33:05	0.1	26.6	-22.1	8107
14:33:07	0.1	26.6	-21.9	8107
14:33:08	0.0	26.6	-21.7	8108
14:33:10	-0.0	26.7	-21.6	8114
14:33:11	-0.0	26.6	-21.4	8113
14:33:13	-0.0	26.5	-21.3	8118
14:33:14	-0.0	26.5	-21.1	8118
14:33:16	-0.1	26.5	-20.9	8122
14:33:18	-0.1	26.5	-20.8	8122
14:33:19	-0.2	26.4	-20.6	8119
14:33:21	-0.2	26.4	-20.3	8122
14:33:22	-0.2	26.5	-20.2	8122
14:33:24	-0.3	26.7	-20.0	8122
14:33:25	-0.3	26.6	-19.9	8124
14:33:27	-0.4	26.5	-19.8	8125
14:33:29	-0.4	26.4	-19.6	8128
14:33:30	-0.4	26.4	-19.4	8125
14:33:32	-0.5	26.4	-19.3	8129
14:33:33	-0.5	26.3	-19.1	8130
14:33:35	-0.6	26.2	-19.0	8130
14:33:37	-0.6	26.2	-18.8	8129
14:33:38	-0.6	26.3	-18.6	8132
14:33:40	-0.6	26.3	-18.5	8133
14:33:41	-0.7	26.2	-18.4	8132
14:33:43	-0.7	26.2	-18.2	8133
14:33:44	-0.7	26.3	-18.0	8132
14:33:46	-0.7	26.3	-17.9	8132
14:33:48	-0.8	26.3	-17.8	8134
14:33:49	-0.8	26.3	-17.6	8135
14:33:51	-0.8	26.3	-17.5	8135
14:33:52	-0.9	26.3	-17.4	8137
14:33:54	-0.9	26.3	-17.2	8138
14:33:56	-0.9	26.2	-17.1	8137
14:33:57	-1.0	26.3	-17.1	8137
14:33:59	-1.0	26.3	-16.9	8137
14:34:00	-1.0	26.3	-16.7	8139
14:34:02	-1.0	26.4	-16.6	8138
14:34:03	-1.1	26.3	-16.5	8139
14:34:05	-1.1	26.3	-16.3	8140
14:34:07	-1.1	26.3	-16.2	8139
14:34:08	-1.1	26.2	-16.0	8138
14:34:10	-1.2	26.2	-15.9	8138
14:34:11	-1.2	26.1	-15.8	8142
14:34:13	-1.2	26.1	-15.7	8140
14:34:14	-1.2	26.2	-15.5	8144
14:34:16	-1.2	26.1	-15.3	8144
14:34:18	-1.2	26.1	-15.2	8143
14:34:19	-1.3	26.2	-15.1	8145
14:34:21	-1.3	26.2	-15.0	8147
14:34:22	-1.3	26.2	-14.8	8145
14:34:24	-1.3	26.2	-14.7	8147
14:34:26	-1.3	26.1	-14.6	8147
14:34:27	-1.3	26.1	-14.4	8147
14:34:29	-1.3	26.1	-14.3	8148
14:34:30	-1.3	26.1	-14.2	8148
14:34:32	-1.3	26.1	-14.0	8149
14:34:33	-1.3	26.1	-13.9	8148
14:34:35	-1.3	26.1	-13.8	8150
14:34:37	-1.3	26.2	-13.7	8150
14:34:38	-1.4	26.3	-13.5	8150
14:34:40	-1.4	26.2	-13.4	8151
14:34:41	-1.4	26.1	-13.3	8150
14:34:43	-1.4	26.2	-13.1	8150
14:34:45	-1.4	26.3	-13.1	8151
14:34:46	-1.4	26.3	-13.0	8151
14:34:48	-1.5	26.3	-12.9	8150
14:34:49	-1.4	26.2	-12.7	8156
14:34:51	-1.4	26.2	-12.6	8155
14:34:52	-1.5	26.2	-12.5	8156
14:34:54	-1.5	26.2	-12.3	8155
14:34:56	-1.5	26.3	-12.3	8156
14:34:57	-1.5	26.2	-12.2	8158
14:34:59	-1.5	26.2	-12.0	8156
14:35:00	-1.5	26.2	-11.9	8159
14:35:02	-1.6	26.1	-11.8	8158
14:35:03	-1.6	26.1	-11.7	8159
14:35:05	-1.6	26.0	-11.6	8159
14:35:07	-1.6	25.9	-11.6	8160
14:35:08	-1.6	26.0	-11.4	8159
14:35:10	-1.6	25.9	-11.3	8160
14:35:11	-1.6	25.9	-11.2	8160
14:35:13	-1.6	25.9	-11.1	8161
14:35:15	-1.6	25.8	-11.0	8161
14:35:16	-1.7	25.8	-10.9	8161
14:35:18	-1.6	25.8	-10.8	8161
14:35:19	-1.6	25.9	-10.7	8161
14:35:21	-1.6	25.9	-10.6	8161
14:35:22	-1.6	25.9	-10.5	8163
14:35:24	-1.6	25.9	-10.4	8163
14:35:26	-1.6	25.9	-10.3	8163
14:35:27	-1.7	25.8	-10.2	8163
14:35:29	-1.7	25.8	-10.2	8164
14:35:30	-1.6	25.9	-10.0	8163
14:35:32	-1.6	25.9	-9.9	8163
14:35:33	-1.5	25.8	-9.8	8164
14:35:35	-1.6	25.9	-9.7	8163
14:35:37	-1.6	25.8	-9.6	8164
14:35:38	-1.6	25.8	-9.5	8165
14:35:40	-1.6	25.8	-9.5	8166
14:35:41	-1.5	25.8	-9.3	8165
14:35:43	-1.6	25.8	-9.2	8165
14:35:45	-1.5	25.8	-9.2	8166
14:35:46	-1.5	25.8	-9.1	8166
14:35:48	-1.6	25.9	-9.0	8165
14:35:49	-1.5	26.0	-8.9	8166
14:35:51	-1.6	26.0	-8.8	8168
14:35:52	-1.6	26.0	-8.8	8168
14:35:54	-1.6	25.9	-8.8	8166
14:35:56	-1.6	25.8	-8.7	8166
14:35:57	-1.6	25.8	-8.6	8168
14:35:59	3.2	25.8	-8.6	8168
14:36:00	9.8	25.8	-9.4	8166
14:36:02	10.7	25.8	-10.3	8164
14:36:03	10.9	25.8	-10.9	8163
14:36:05	10.9	25.8	-11.6	8161
14:36:07	10.8	25.8	-12.2	8159
14:36:08	10.8	25.8	-12.6	8155
14:36:10	10.8	25.7	-13.3	8153
14:36:11	10.7	25.7	-13.7	8151
14:36:13	10.7	25.8	-14.3	8149
14:36:15	10.6	25.8	-14.8	8149
14:36:16	10.6	25.7	-15.2	8147
14:36:18	10.6	25.8	-15.7	8144
14:36:19	10.6	25.7	-16.2	8142
14:36:21	10.6	25.7	-16.6	8139
14:36:23	10.7	25.7	-17.0	8137
14:36:24	10.6	25.7	-17.4	8134
14:36:26	10.7	25.8	-17.8	8134
14:36:27	10.7	25.8	-18.2	8132
14:36:29	10.7	25.8	-18.6	8130
14:36:30	10.7	25.8	-19.1	8128
14:36:32	10.7	25.7	-19.4	8127
14:36:34	10.7	25.8	-19.8	8124
14:36:35	10.8	25.8	-20.2	8123
14:36:37	10.8	25.8	-20.6	8119
14:36:38	10.8	25.8	-20.9	8118
14:36:40	10.8	25.7	-21.2	8106
14:36:41	10.9	25.6	-21.6	8106
14:36:43	10.9	25.7	-21.9	8103
14:36:45	10.9	25.7	-22.3	8101
14:36:46	11.0	25.7	-22.6	8098
14:36:48	11.0	25.7	-22.9	8096
14:36:49	11.1	25.7	-23.3	8093
14:36:51	11.1	25.6	-23.6	8091
14:36:53	11.1	25.6	-24.0	8090
14:36:54	11.1	25.7	-24.3	8088
14:36:56	11.2	25.7	-24.5	8088
14:36:57	11.2	25.7	-24.9	8086
14:36:59	11.2	25.7	-25.2	8085
14:37:00	11.2	25.7	-25.5	8082
14:37:02	11.2	25.7	-25.8	8082
14:37:04	11.3	25.7	-26.1	8080
14:37:05	11.3	25.7	-26.3	8077
14:37:07	11.3	25.7	-26.6	8076
14:37:08	11.3	25.7	-27.0	8074
14:37:10	11.4	25.7	-27.2	8072
14:37:11	11.4	25.7	-27.5	8071
14:37:13	11.4	25.7	-27.8	8071
14:37:15	11.4	25.6	-28.0	8067
14:37:16	11.4	25.7	-28.4	8070
14:37:18	11.4	25.7	-28.6	8062
14:37:19	11.4	25.7	-28.9	8062
14:37:21	11.4	25.7	-29.2	8061
14:37:22	11.4	25.6	-29.4	8059
14:37:24	11.5	25.6	-29.7	8060
14:37:26	11.5	25.7	-30.0	8057
14:37:27	11.5	25.7	-30.2	8055
14:37:29	11.5	25.7	-30.5	8051
14:37:30	11.5	25.7	-30.7	8051
14:37:32	11.5	25.7	-30.9	8049
14:37:34	11.5	25.7	-31.1	8049
14:37:35	11.5	25.7	-31.4	8046
14:37:37	11.5	25.7	-31.6	8046
14:37:38	11.6	25.7	-31.8	8046
14:37:40	11.6	25.7	-32.1	8045
14:37:41	11.6	25.7	-32.3	8043
14:37:43	11.6	25.7	-32.5	8043
14:37:45	11.6	25.7	-32.7	8039
14:37:46	11.6	25.7	-33.0	8038
14:37:48	11.6	25.7	-33.2	8036
14:37:49	11.7	25.7	-33.4	8034
14:37:51	11.7	25.7	-33.5	8033
14:37:52	11.7	25.6	-33.8	8033
14:37:54	11.7	25.7	-34.0	8030
14:37:56	11.7	25.7	-34.2	8030
14:37:57	11.7	25.7	-34.4	8026
14:37:59	11.7	25.6	-34.6	8026
14:38:00	11.7	25.6	-34.8	8026
14:38:02	11.8	25.6	-35.0	8024
14:38:04	11.8	25.6	-35.2	8022
14:38:05	11.8	25.6	-35.4	8019
14:38:07	11.8	25.6	-35.5	8019
14:38:08	11.8	25.6	-35.7	8018
14:38:10	11.8	25.7	-35.9	8017
14:38:11	11.8	25.8	-36.1	8015
14:38:13	11.8	25.8	-36.3	8014
14:38:15	11.8	25.9	-36.5	8009
14:38:16	11.8	25.8	-36.7	8004
14:38:18	11.8	25.8	-36.9	7997
14:38:19	11.8	25.7	-37.0	7966
14:38:21	11.8	25.7	-37.2	7945
14:38:23	11.8	25.6	-37.3	7903
14:38:24	11.8	25.6	-37.4	7868
14:38:26	11.8	25.6	-37.5	7826
14:38:27	11.8	25.6	-37.7	7804
14:38:29	11.8	25.5	-37.8	7760
14:38:30	11.8	25.5	-38.0	7738
14:38:32	11.8	25.5	-38.2	7700
14:38:34	11.8	25.6	-38.3	7680
14:38:35	11.8	25.6	-38.4	7630
14:38:37	11.9	25.5	-38.5	7593
14:38:38	11.9	25.6	-38.7	7576
14:38:40	11.9	25.5	-38.8	7543
14:38:41	11.9	25.5	-38.9	7526
14:38:43	11.9	25.5	-39.0	7496
14:38:45	12.0	25.5	-39.1	7481
14:38:46	12.0	25.5	-39.2	7451
14:38:48	12.0	25.5	-39.4	7437
14:38:49	12.0	25.6	-39.5	7401
14:38:51	11.9	25.6	-39.7	7392
14:38:53	12.0	25.5	-39.8	7373
14:38:54	11.9	25.5	-39.9	7363
14:38:56	12.0	25.5	-40.0	7343
14:38:57	12.0	25.5	-40.1	7319
14:38:59	12.0	25.5	-40.2	7310
14:39:00	12.0	25.5	-40.4	7290
14:39:02	12.0	25.6	-40.5	7283
14:39:04	12.0	25.6	-40.6	7267
14:39:05	12.0	25.7	-40.8	7257
14:39:07	12.0	25.8	-40.8	7238
14:39:08	12.1	25.8	-41.0	7229
14:39:10	12.0	25.8	-41.1	7210
14:39:12	12.0	26.1	-41.2	7205
14:39:13	12.0	26.1	-41.3	7176
14:39:15	12.0	26.0	-41.4	7170
14:39:16	12.1	25.8	-41.5	7153
14:39:18	12.0	25.7	-41.6	7140
14:39:19	12.1	25.6	-41.7	7134
14:39:21	12.1	25.7	-41.9	7119
14:39:23	12.1	25.7	-41.9	7113
14:39:24	12.1	25.7	-42.0	7098
14:39:26	12.1	25.9	-42.1	7091
14:39:27	12.1	25.9	-42.2	7076
14:39:29	12.1	25.9	-42.3	7069
14:39:31	12.1	25.9	-42.5	7054
14:39:32	12.1	25.9	-42.5	7049
14:39:34	12.1	25.9	-42.6	7035
14:39:35	12.1	25.8	-42.7	7029
14:39:37	12.1	25.8	-42.8	7013
14:39:38	12.1	25.8	-42.9	7002
14:39:40	12.1	25.7	-43.0	6994
14:39:42	12.2	25.6	-43.1	6982
14:39:43	12.1	25.6	-43.2	6978
14:39:45	12.2	25.5	-43.3	6965
14:39:46	12.2	25.5	-43.3	6950
14:39:48	12.2	25.5	-43.4	6937
14:39:50	12.2	25.6	-43.5	6929
14:39:51	12.2	25.6	-43.6	6919
14:39:53	12.2	25.6	-43.7	6914
14:39:54	12.2	25.6	-43.7	6900
14:39:56	12.2	25.6	-43.8	6897
14:39:57	12.2	25.7	-43.9	6884
14:39:59	12.2	25.6	-44.0	6878
14:40:01	12.2	25.7	-44.1	6866
14:40:02	12.2	25.7	-44.2	6857
14:40:04	12.2	25.7	-44.2	6851
14:40:05	12.2	25.7	-44.3	6842
14:40:07	12.2	25.7	-44.4	6836
14:40:08	12.2	25.8	-44.4	6826
14:40:10	12.2	26.0	-44.5	6821
14:40:12	12.2	25.9	-44.6	6811
14:40:13	12.2	26.1	-44.7	6807
14:40:15	12.1	26.2	-44.8	6798
14:40:16	12.2	26.2	-44.8	6790
14:40:18	12.2	26.2	-44.8	6783
14:40:20	12.3	26.3	-44.9	6775
14:40:21	12.2	26.4	-45.0	6768
14:40:23	12.2	26.3	-45.0	6757
14:40:24	12.2	26.4	-45.1	6752
14:40:26	12.2	26.3	-45.2	6741
14:40:27	12.2	26.3	-45.2	6737
14:40:29	12.2	26.4	-45.3	6720
14:40:31	12.2	26.4	-45.4	6711
14:40:32	12.3	26.3	-45.4	6696
14:40:34	12.3	26.2	-45.5	6692
14:40:35	12.3	26.1	-45.5	6682
14:40:37	12.3	26.1	-45.5	6679
14:40:38	12.3	26.1	-45.6	6670
14:40:40	12.3	26.1	-45.6	6665
14:40:42	12.3	26.1	-45.7	6686
14:40:43	12.3	26.2	-45.8	6686
14:40:45	12.3	26.3	-45.9	6680
14:40:46	12.3	26.2	-45.9	6679
14:40:48	12.3	26.3	-46.0	6681
14:40:50	12.3	26.3	-46.0	6679
14:40:51	12.3	26.3	-46.1	6679
14:40:53	12.3	26.2	-46.1	6677
14:40:54	12.3	26.2	-46.1	6677
14:40:56	12.3	26.1	-46.2	6679
14:40:57	12.3	26.1	-46.2	6676
14:40:59	12.3	26.2	-46.3	6676
14:41:01	12.3	26.2	-46.3	6674
14:41:02	12.3	26.2	-46.3	6677
14:41:04	12.3	26.2	-46.3	6675
14:41:05	12.3	26.2	-46.4	6676
14:41:07	12.3	26.1	-46.4	6676
14:41:08	12.3	26.0	-46.4	6669
14:41:10	12.3	26.0	-46.4	6669
14:41:12	12.3	26.2	-46.4	6669
14:41:13	12.3	26.2	-46.5	6671
14:41:15	12.3	26.2	-46.5	6673
14:41:16	12.3	26.1	-46.5	6671
14:41:18	12.3	26.1	-46.5	6674
14:41:20	12.3	26.2	-46.6	6676
14:41:21	12.3	26.2	-46.6	6674
14:41:23	12.3	26.2	-46.6	6675
14:41:24	12.3	26.2	-46.6	6676
14:41:26	12.3	26.2	-46.6	6673
14:41:28	12.3	26.2	-46.6	6673
14:41:29	12.3	26.2	-46.7	6670
14:41:31	12.3	26.2	-46.7	6674
14:41:32	12.2	26.1	-46.7	6675
14:41:34	12.3	26.2	-46.7	6674
14:41:35	12.3	26.2	-46.7	6675
14:41:37	12.3	26.1	-46.7	6674
14:41:39	12.3	26.0	-46.7	6673
14:41:40	12.3	26.0	-46.7	6675
14:41:42	12.3	25.9	-46.7	6676
14:41:43	12.3	25.9	-46.8	6679
14:41:45	12.3	25.9	-46.7	6677
14:41:46	12.3	25.8	-46.7	6675
14:41:48	12.3	25.8	-46.7	6677
14:41:50	12.4	25.8	-46.7	6679
14:41:51	12.3	25.8	-46.8	6679
14:41:53	12.3	25.8	-46.8	6679
14:41:54	12.3	25.8	-46.8	6680
14:41:56	12.3	25.8	-46.8	6680
14:41:58	12.3	25.8	-46.8	6681
14:41:59	12.3	25.7	-46.8	6682
14:42:01	12.4	25.8	-46.8	6682
14:42:02	12.3	25.8	-46.7	6682
14:42:04	12.3	25.8	-46.7	6685
14:42:05	12.3	25.8	-46.8	6684
14:42:07	12.3	25.8	-46.7	6684
14:42:09	12.3	25.8	-46.7	6682
14:42:10	12.3	25.8	-46.8	6689
14:42:12	12.3	25.8	-46.7	6687
14:42:13	12.3	25.8	-46.7	6686
14:42:15	12.3	25.8	-46.7	6689
14:42:16	12.3	25.8	-46.7	6686
14:42:18	12.3	25.8	-46.7	6686
14:42:20	12.4	25.8	-46.7	6686
14:42:21	12.3	25.8	-46.7	6694
14:42:23	12.3	25.8	-46.7	6694
14:42:24	12.3	25.8	-46.7	6691
14:42:26	12.3	25.8	-46.7	6694
14:42:28	12.3	25.8	-46.7	6690
14:42:29	12.4	25.9	-46.7	6691
14:42:31	12.3	25.9	-46.7	6691
14:42:32	12.3	25.9	-46.7	6691
14:42:34	12.3	25.9	-46.7	6694
14:42:35	12.3	25.8	-46.7	6695
14:42:37	12.3	25.9	-46.7	6695
14:42:39	12.3	25.9	-46.7	6696
14:42:40	12.3	25.9	-46.7	6696
14:42:42	12.3	25.9	-46.7	6697
14:42:43	12.3	25.9	-46.7	6696
14:42:45	12.3	25.9	-46.6	6699
14:42:46	12.3	25.9	-46.6	6696
14:42:48	12.3	25.9	-46.6	6697
14:42:50	12.3	25.9	-46.6	6697
14:42:51	12.3	25.9	-46.6	6699
14:42:53	12.3	25.9	-46.6	6699
14:42:54	12.3	25.9	-46.7	6696
14:42:56	12.3	25.9	-46.7	6699
14:42:58	12.3	25.8	-46.6	6699
14:42:59	12.3	25.8	-46.7	6703
14:43:01	12.3	25.9	-46.7	6703
14:43:02	12.3	25.9	-46.7	6702
14:43:04	12.3	25.9	-46.6	6703
14:43:05	12.3	25.9	-46.6	6705
14:43:07	12.2	25.9	-46.6	6701
14:43:09	12.3	25.9	-46.7	6706
14:43:10	12.3	25.9	-46.7	6703
14:43:12	12.3	25.9	-46.6	6705
14:43:13	12.3	25.9	-46.6	6703
14:43:15	12.2	25.9	-46.7	6707
14:43:16	12.2	26.0	-46.7	6706
14:43:18	12.2	26.0	-46.7	6703
14:43:20	12.2	26.1	-46.7	6706
14:43:21	12.2	26.1	-46.7	6705
14:43:23	12.2	26.2	-46.7	6706
14:43:24	12.2	26.3	-46.7	6706
14:43:26	12.2	26.3	-46.7	6706
14:43:28	12.2	26.3	-46.7	6708
14:43:29	12.2	26.3	-46.7	6706
14:43:31	12.2	26.3	-46.6	6711
14:43:32	12.2	26.3	-46.7	6710
14:43:34	12.2	26.3	-46.7	6710
14:43:35	12.2	26.4	-46.7	6711
14:43:37	12.1	26.3	-46.6	6711
14:43:39	12.2	26.3	-46.6	6712
14:43:40	12.1	26.4	-46.6	6711
14:43:42	12.1	26.4	-46.6	6710
14:43:43	12.1	26.4	-46.7	6710
14:43:45	12.1	26.4	-46.6	6711
14:43:47	12.1	26.4	-46.6	6710
14:43:48	12.1	26.3	-46.6	6712
14:43:50	12.1	26.2	-46.6	6713
14:43:51	12.1	26.3	-46.6	6712
14:43:53	12.1	26.4	-46.6	6712
14:43:54	12.1	26.5	-46.6	6715
14:43:56	12.1	26.5	-46.6	6713
14:43:58	12.1	26.5	-46.5	6715
14:43:59	12.1	26.5	-46.6	6716
14:44:01	12.1	26.5	-46.5	6713
14:44:02	12.1	26.5	-46.5	6712
14:44:04	12.0	26.5	-46.6	6713
14:44:06	12.1	26.5	-46.6	6716
14:44:07	12.0	26.5	-46.6	6715
14:44:09	12.0	26.3	-46.6	6718
14:44:10	12.0	26.3	-46.6	6713
14:44:12	12.0	26.3	-46.6	6716
14:44:13	12.0	26.2	-46.6	6723
14:44:15	12.0	26.1	-46.5	6720
14:44:17	12.0	26.2	-46.5	6723
14:44:18	12.0	26.2	-46.6	6716
14:44:20	12.0	26.2	-46.5	6721
14:44:21	12.0	26.1	-46.5	6721
14:44:23	12.0	26.1	-46.5	6721
14:44:25	12.0	26.1	-46.6	6725
14:44:26	12.0	26.1	-46.5	6726
14:44:28	12.0	26.2	-46.6	6722
14:44:29	12.0	26.1	-46.5	6726
14:44:31	12.0	26.1	-46.5	6721
14:44:32	12.0	26.1	-46.6	6720
14:44:34	12.0	26.1	-46.5	6718
14:44:36	12.0	26.0	-46.5	6718
14:44:37	12.0	26.1	-46.5	6721
14:44:39	12.0	26.3	-46.5	6725
14:44:40	12.0	26.4	-46.5	6718
14:44:42	12.0	26.5	-46.5	6727
14:44:44	12.0	26.5	-46.5	6728
14:44:45	12.0	26.5	-46.5	6721
14:44:47	11.9	26.5	-46.6	6725
14:44:48	11.9	26.5	-46.5	6726
14:44:50	11.9	26.5	-46.5	6725
14:44:51	11.9	26.5	-46.6	6726
14:44:53	11.9	26.5	-46.6	6728
14:44:55	11.9	26.5	-46.5	6717
14:44:56	11.9	26.5	-46.5	6718
14:44:58	11.9	26.4	-46.5	6729
14:44:59	11.9	26.2	-46.5	6731
14:45:01	11.9	26.2	-46.6	6726
14:45:03	11.9	26.2	-46.5	6725
14:45:04	11.9	26.4	-46.5	6731
14:45:06	11.9	26.4	-46.5	6722
14:45:07	11.8	26.5	-46.6	6731
14:45:09	11.9	26.4	-46.5	6720
14:45:10	11.8	26.5	-46.5	6722
14:45:12	11.8	26.5	-46.5	6728
14:45:14	11.8	26.5	-46.5	6717
14:45:15	11.8	26.6	-46.6	6722
14:45:17	11.8	26.6	-46.6	6721
14:45:18	11.8	26.7	-46.6	6721
14:45:20	11.8	26.8	-46.6	6726
14:45:22	11.8	26.7	-46.6	6717
14:45:23	11.8	26.7	-46.6	6717
14:45:25	11.8	26.6	-46.6	6726
14:45:26	11.8	26.6	-46.6	6723
14:45:28	11.7	26.6	-46.6	6726
14:45:29	11.7	26.6	-46.6	6718
14:45:31	11.8	26.6	-46.6	6721
14:45:33	11.8	26.5	-46.6	6713
14:45:34	11.8	26.5	-46.6	6718
14:45:36	11.7	26.5	-46.6	6717
14:45:37	11.7	26.4	-46.6	6716
14:45:39	11.7	26.4	-46.6	6721
14:45:40	11.7	26.3	-46.6	6722
14:45:42	11.7	26.3	-46.6	6722
14:45:44	11.7	26.3	-46.6	6717
14:45:45	11.7	26.3	-46.6	6716
14:45:47	11.7	26.2	-46.6	6717
14:45:48	11.7	26.2	-46.6	6716
14:45:50	11.7	26.2	-46.6	6712
14:45:51	11.7	26.1	-46.6	6720
14:45:53	11.6	26.1	-46.6	6718
14:45:55	11.6	26.0	-46.6	6716
14:45:56	11.6	26.0	-46.7	6715
14:45:58	11.7	26.1	-46.6	6716
14:45:59	11.7	26.1	-46.6	6716
14:46:01	11.7	26.2	-46.6	6715
14:46:03	11.6	26.2	-46.6	6716
14:46:04	7.9	26.2	-46.2	6727
14:46:06	7.1	26.3	-45.6	6763
14:46:07	6.9	26.2	-44.9	6784
14:46:09	7.1	26.3	-44.3	6821
14:46:10	7.4	26.2	-43.7	6840
14:46:12	7.5	26.1	-43.2	6878
14:46:14	7.1	26.1	-42.6	6915
14:46:15	6.8	26.2	-42.1	6936
14:46:17	6.5	26.2	-41.6	6984
14:46:18	6.3	26.2	-41.1	7010
14:46:20	6.2	26.2	-40.7	7054
14:46:21	6.0	26.2	-40.1	7077
14:46:23	5.9	26.3	-39.7	7128
14:46:25	5.7	26.4	-39.3	7151
14:46:26	5.6	26.4	-38.9	7223
14:46:28	5.5	26.4	-38.5	7257
14:46:29	5.4	26.4	-38.2	7346
14:46:31	5.2	26.5	-37.8	7404
14:46:33	5.1	26.5	-37.6	7528
14:46:34	4.9	26.6	-37.2	7577
14:46:36	4.9	26.6	-36.8	7664
14:46:37	4.8	26.5	-36.6	7715
14:46:39	4.6	26.5	-36.3	7738
14:46:40	4.5	26.5	-35.9	7774
14:46:42	4.4	26.6	-35.5	7788
14:46:44	4.3	26.6	-35.3	7811
14:46:45	4.2	26.6	-34.8	7824
14:46:47	4.1	26.6	-34.5	7846
14:46:48	4.0	26.6	-34.1	7859
14:46:50	3.9	26.5	-33.9	7894
14:46:51	3.8	26.4	-33.6	7910
14:46:53	3.7	26.4	-33.2	7936
14:46:55	3.6	26.3	-32.9	7947
14:46:56	3.5	26.4	-32.6	7962
14:46:58	3.5	26.5	-32.2	7971
14:46:59	3.4	26.5	-32.0	7975
14:47:01	3.2	26.4	-31.7	7987
14:47:03	3.1	26.3	-31.4	7989
14:47:04	3.0	26.3	-31.1	8007
14:47:06	2.9	26.4	-30.8	8010
14:47:07	2.9	26.3	-30.5	8012
14:47:09	2.8	26.4	-30.3	8013
14:47:10	2.7	26.5	-30.0	8015
14:47:12	2.7	26.3	-29.7	8015
14:47:14	2.6	26.3	-29.5	8017
14:47:15	2.5	26.4	-29.1	8015
14:47:17	2.4	26.5	-28.9	8018
14:47:18	2.3	26.4	-28.6	8020
14:47:20	2.3	26.4	-28.3	8020
14:47:22	2.2	26.4	-28.1	8022
14:47:23	2.2	26.4	-27.8	8020
14:47:25	2.1	26.3	-27.6	8024
14:47:26	2.0	26.3	-27.3	8024
14:47:28	1.9	26.4	-27.1	8026
14:47:30	1.9	26.3	-26.8	8028
14:47:31	1.8	26.3	-26.6	8030
14:47:33	1.7	26.3	-26.4	8030
14:47:34	1.7	26.4	-26.1	8030
14:47:36	1.6	26.5	-25.9	8031
14:47:37	1.6	26.4	-25.7	8034
14:47:39	1.5	26.4	-25.5	8034
14:47:41	1.4	26.4	-25.2	8033
14:47:42	1.4	26.3	-25.0	8034
14:47:44	1.3	26.3	-24.7	8036
14:47:45	1.3	26.3	-24.5	8038
14:47:47	1.2	26.2	-24.3	8039
14:47:49	1.1	26.4	-24.1	8039
14:47:50	1.0	26.5	-23.9	8043
14:47:52	1.0	26.5	-23.7	8040
14:47:53	0.9	26.5	-23.5	8043
14:47:55	0.8	26.4	-23.3	8044
14:47:56	0.8	26.4	-23.2	8044
14:47:58	0.8	26.4	-22.9	8044
14:48:00	0.7	26.3	-22.7	8045
14:48:01	0.7	26.3	-22.5	8046
14:48:03	0.7	26.3	-22.3	8045
14:48:04	0.6	26.3	-22.1	8046
14:48:06	0.6	26.3	-21.9	8049
14:48:08	0.5	26.3	-21.7	8048
14:48:09	0.5	26.3	-21.5	8048
14:48:11	0.4	26.3	-21.3	8048
14:48:12	0.4	26.4	-21.1	8050
14:48:14	0.3	26.3	-21.0	8050
14:48:16	0.3	26.4	-20.8	8050
14:48:17	0.2	26.3	-20.6	8054
14:48:19	0.2	26.4	-20.4	8051
14:48:20	0.2	26.4	-20.2	8052
14:48:22	0.1	26.3	-20.1	8056
14:48:23	0.1	26.3	-19.9	8059
14:48:25	0.1	26.3	-19.7	8056
14:48:27	0.0	26.4	-19.5	8057
14:48:28	0.0	26.4	-19.3	8057
14:48:30	-0.0	26.4	-19.2	8057
14:48:31	-0.0	26.4	-19.0	8059
14:48:33	-0.0	26.4	-18.9	8060
14:48:34	-0.1	26.4	-18.7	8059
14:48:36	-0.1	26.3	-18.5	8059
14:48:38	-0.2	26.3	-18.4	8060
14:48:39	-0.2	26.4	-18.3	8062
14:48:41	-0.3	26.3	-18.2	8061
14:48:42	-0.3	26.4	-18.0	8061
14:48:44	-0.4	26.4	-17.8	8062
14:48:46	-0.4	26.4	-17.7	8061
14:48:47	-0.4	26.3	-17.6	8061
14:48:49	-0.4	26.2	-17.4	8062
14:48:50	-0.4	26.2	-17.2	8064
14:48:52	-0.4	26.2	-17.1	8064
14:48:53	-0.4	26.2	-16.9	8065
14:48:55	-0.5	26.3	-16.8	8067
14:48:57	-0.5	26.3	-16.6	8065
14:48:58	-0.5	26.3	-16.5	8067
14:49:00	-0.6	26.3	-16.4	8066
14:49:01	-0.6	26.4	-16.3	8065
14:49:03	-0.7	26.4	-16.2	8066
14:49:04	-0.7	26.6	-16.0	8069
14:49:06	-0.8	26.6	-15.9	8070
14:49:08	-0.8	26.7	-15.8	8070
14:49:09	-0.8	26.7	-15.6	8069
14:49:11	-0.8	26.6	-15.6	8070
14:49:12	-0.9	26.5	-15.4	8072
14:49:14	-0.9	26.2	-15.3	8071
14:49:16	-0.9	26.1	-15.2	8072
14:49:17	-1.0	26.1	-15.1	8071
14:49:19	-1.0	26.3	-15.0	8071
14:49:20	-1.0	26.4	-14.8	8074
14:49:22	-1.0	26.3	-14.8	8074
14:49:23	-1.1	26.4	-14.7	8072
14:49:25	-1.1	26.2	-14.5	8072
14:49:27	-1.1	26.2	-14.4	8072
14:49:28	-1.1	26.1	-14.3	8072
14:49:30	-1.1	26.1	-14.2	8072
14:49:31	-1.1	26.2	-14.1	8072
14:49:33	-1.1	26.3	-14.0	8071
14:49:34	-1.1	26.4	-13.9	8074
14:49:36	-1.1	26.4	-13.7	8074
14:49:38	-1.1	26.3	-13.6	8072
14:49:39	-1.2	26.4	-13.5	8075
14:49:41	-1.2	26.4	-13.5	8072
14:49:42	-1.2	26.3	-13.4	8072
14:49:44	-1.3	26.2	-13.2	8072
14:49:46	-1.3	26.2	-13.2	8075
14:49:47	-1.3	26.3	-13.1	8074
14:49:49	-1.3	26.4	-13.0	8074
14:49:50	-1.2	26.5	-12.8	8075
14:49:52	-1.2	26.5	-12.7	8075
14:49:53	-1.2	26.5	-12.6	8077
14:49:55	-1.2	26.6	-12.5	8076
14:49:57	-1.3	26.6	-12.4	8076
14:49:58	-1.3	26.4	-12.3	8077
14:50:00	-1.3	26.3	-12.2	8075
14:50:01	-1.3	26.3	-12.1	8077
14:50:03	-1.3	26.3	-12.0	8077
14:50:05	-1.3	26.3	-11.9	8078
14:50:06	-1.4	26.3	-11.8	8077
14:50:08	-1.4	26.3	-11.7	8077
14:50:09	-1.4	26.3	-11.6	8077
14:50:11	-1.4	26.3	-11.5	8077
14:50:12	-1.4	26.4	-11.4	8078
14:50:14	-1.4	26.5	-11.3	8077
14:50:16	-1.4	26.4	-11.2	8080
14:50:17	-1.4	26.4	-11.1	8080
14:50:19	-1.4	26.4	-11.0	8078
14:50:20	-1.5	26.4	-10.8	8080
14:50:22	-1.4	26.4	-10.8	8078
14:50:24	-1.4	26.4	-10.6	8082
14:50:25	-1.4	26.3	-10.5	8080
14:50:27	-1.4	26.4	-10.5	8082
14:50:28	-1.4	26.4	-10.3	8080
14:50:30	-1.4	26.5	-10.2	8082
14:50:31	-1.4	26.5	-10.1	8082
14:50:33	-1.4	26.4	-10.0	8081
14:50:35	-1.5	26.3	-10.0	8082
14:50:36	-1.5	26.2	-9.9	8081
14:50:38	-1.5	26.2	-9.8	8082
14:50:39	-1.5	26.2	-9.8	8082
14:50:41	-1.5	26.3	-9.6	8083
14:50:43	-1.5	26.2	-9.5	8083
14:50:44	-1.5	26.2	-9.4	8082
14:50:46	-1.5	26.2	-9.3	8082
14:50:47	-1.5	26.2	-9.3	8086
14:50:49	-1.5	26.2	-9.1	8085
14:50:50	-1.5	26.2	-9.1	8086
14:50:52	-1.5	26.2	-9.0	8085
14:50:54	-1.4	26.2	-8.9	8087
14:50:55	-1.5	26.2	-8.8	8086
14:50:57	-1.5	26.2	-8.7	8087
14:50:58	-1.5	26.3	-8.6	8087
14:51:00	-1.4	26.3	-8.5	8087
14:51:01	-1.4	26.2	-8.5	8086
14:51:03	-1.5	26.3	-8.4	8087
14:51:05	-1.4	26.3	-8.3	8088
14:51:06	-1.4	26.3	-8.2	8087
14:51:08	-1.4	26.3	-8.1	8087
14:51:09	-1.4	26.3	-8.0	8088
14:51:11	-1.4	26.4	-7.9	8088
14:51:13	-1.4	26.4	-7.9	8088
14:51:14	-1.4	26.3	-7.8	8087
14:51:16	-1.4	26.2	-7.7	8086
14:51:17	-1.4	26.2	-7.7	8087
14:51:19	-1.4	26.4	-7.6	8088
14:51:20	-1.4	26.5	-7.5	8090
14:51:22	-1.4	26.6	-7.5	8088
14:51:24	-1.4	26.6	-7.3	8090
14:51:25	-1.4	26.6	-7.3	8088
14:51:27	-1.4	26.7	-7.2	8090
14:51:28	-1.4	26.6	-7.1	8090
14:51:30	-1.4	26.7	-7.1	8088
14:51:31	-1.4	26.6	-7.0	8090
14:51:33	-1.4	26.4	-6.9	8090
14:51:35	-1.4	26.4	-6.9	8090
14:51:36	-1.4	26.4	-6.8	8088
14:51:38	-1.4	26.4	-6.8	8090
14:51:39	-1.4	26.4	-6.7	8090
14:51:41	-1.4	26.4	-6.6	8090
14:51:43	-1.3	26.4	-6.5	8091
14:51:44	-1.3	26.4	-6.5	8090
14:51:46	-1.3	26.3	-6.4	8091
14:51:47	-1.3	26.4	-6.3	8090
14:51:49	-1.3	26.3	-6.3	8090
14:51:50	-1.3	26.3	-6.2	8091
14:51:52	-1.3	26.3	-6.1	8091
14:51:54	-1.2	26.3	-6.1	8091
14:51:55	-1.2	26.2	-6.0	8091
14:51:57	-1.2	26.2	-5.9	8090
14:51:58	-1.2	26.3	-5.8	8091
14:52:00	-1.2	26.3	-5.8	8091
14:52:02	-1.2	26.4	-5.8	8091
14:52:03	0.5	26.4	-5.8	8092
14:52:05	10.8	26.3	-6.4	8091
14:52:06	11.3	26.3	-7.3	8090
14:52:08	11.3	26.3	-8.0	8086
14:52:09	11.2	26.3	-8.7	8087
14:52:11	11.0	26.3	-9.3	8083
14:52:13	10.8	26.4	-9.9	8081
14:52:14	10.7	26.4	-10.5	8080
14:52:16	10.6	26.5	-11.0	8077
14:52:17	10.5	26.4	-11.6	8074
14:52:19	10.4	26.5	-12.1	8072
14:52:20	10.5	26.4	-12.6	8074
14:52:22	10.4	26.4	-13.1	8070
14:52:24	10.4	26.3	-13.6	8069
14:52:25	10.4	26.3	-14.1	8064
14:52:27	10.5	26.2	-14.5	8062
14:52:28	10.4	26.1	-14.9	8062
14:52:30	10.5	26.1	-15.4	8060
14:52:32	10.5	26.2	-15.7	8057
14:52:33	10.5	26.2	-16.2	8057
14:52:35	10.5	26.2	-16.7	8050
14:52:36	10.5	26.1	-17.1	8051
14:52:38	10.5	26.2	-17.5	8049
14:52:39	10.6	26.3	-17.9	8046
14:52:41	10.6	26.3	-18.3	8045
14:52:43	10.6	26.2	-18.7	8043
14:52:44	10.7	26.3	-19.0	8044
14:52:46	10.7	26.3	-19.5	8039
14:52:47	10.7	26.3	-19.8	8039
14:52:49	10.8	26.2	-20.2	8035
14:52:50	10.9	26.2	-20.5	8035
14:52:52	10.9	26.1	-20.9	8031
14:52:54	10.9	26.1	-21.3	8031
14:52:55	10.9	26.1	-21.6	8029
14:52:57	10.9	26.1	-22.0	8026
14:52:58	10.9	26.1	-22.4	8023
14:53:00	11.0	26.0	-22.7	8024
14:53:02	11.0	26.0	-23.0	8020
14:53:03	11.0	26.0	-23.3	8018
14:53:05	11.0	26.0	-23.7	8017
14:53:06	11.0	26.0	-24.0	8015
14:53:08	11.0	26.0	-24.4	8017
14:53:09	11.0	26.0	-24.7	8012
14:53:11	11.0	26.0	-25.0	8012
14:53:13	11.0	25.9	-25.3	8009
14:53:14	11.1	25.9	-25.6	8005
14:53:16	11.1	25.9	-26.0	8004
14:53:17	11.1	25.9	-26.3	8002
14:53:19	11.2	25.9	-26.4	8002
14:53:20	11.2	25.8	-26.7	8002
14:53:22	11.2	25.8	-27.1	8000
14:53:24	11.2	25.8	-27.3	7998
14:53:25	11.3	25.9	-27.6	7996
14:53:27	11.3	25.8	-28.0	7993
14:53:28	11.3	25.8	-28.1	7991
14:53:30	11.3	25.8	-28.5	7989
14:53:32	11.3	25.8	-28.7	7989
14:53:33	11.3	25.8	-29.0	7988
14:53:35	11.4	25.8	-29.3	7987
14:53:36	11.4	25.8	-29.6	7983
14:53:38	11.4	25.8	-29.8	7986
14:53:39	11.4	25.8	-30.1	7983
14:53:41	11.4	25.8	-30.3	7982
14:53:43	11.5	25.7	-30.6	7978
14:53:44	11.5	25.8	-30.9	7977
14:53:46	11.4	25.7	-31.1	7975
14:53:47	11.5	25.7	-31.3	7973
14:53:49	11.5	25.8	-31.6	7973
14:53:51	11.5	25.8	-31.8	7971
14:53:52	11.6	25.8	-32.0	7972
14:53:54	11.5	25.8	-32.3	7970
14:53:55	11.6	25.8	-32.5	7967
14:53:57	11.6	25.8	-32.7	7967
14:53:58	11.6	25.7	-32.9	7965
14:54:00	11.6	25.7	-33.2	7963
14:54:02	11.5	25.7	-33.4	7961
14:54:03	11.6	25.7	-33.6	7960
14:54:05	11.6	25.8	-33.8	7960
14:54:06	11.7	25.7	-34.0	7958
14:54:08	11.7	25.7	-34.2	7957
14:54:09	11.7	25.7	-34.4	7956
14:54:11	11.7	25.8	-34.6	7953
14:54:13	11.7	25.7	-34.8	7956
14:54:14	11.7	25.7	-35.1	7950
14:54:16	11.7	25.8	-35.3	7951
14:54:17	11.7	25.7	-35.4	7946
14:54:19	11.7	25.8	-35.6	7946
14:54:21	11.7	25.8	-35.8	7945
14:54:22	11.7	25.8	-36.0	7944
14:54:24	11.8	25.8	-36.2	7942
14:54:25	11.8	25.8	-36.3	7940
14:54:27	11.8	25.8	-36.5	7939
14:54:29	11.7	25.8	-36.7	7936
14:54:30	11.7	25.8	-36.9	7932
14:54:32	11.7	25.8	-37.1	7906
14:54:33	11.8	25.8	-37.3	7884
14:54:35	11.8	25.8	-37.4	7835
14:54:36	11.7	25.7	-37.5	7811
14:54:38	11.8	25.7	-37.6	7768
14:54:40	11.8	25.7	-37.8	7744
14:54:41	11.7	25.7	-38.0	7702
14:54:43	11.8	25.7	-38.1	7677
14:54:44	11.8	25.7	-38.2	7623
14:54:46	11.8	25.7	-38.3	7603
14:54:47	11.8	25.7	-38.5	7562
14:54:49	11.8	25.7	-38.6	7543
14:54:51	11.8	25.7	-38.8	7504
14:54:52	11.8	25.7	-38.8	7468
14:54:54	11.9	25.7	-39.0	7451
14:54:55	11.9	25.7	-39.1	7408
14:54:57	11.9	25.7	-39.2	7393
14:54:59	11.9	25.7	-39.4	7363
14:55:00	11.8	25.7	-39.5	7350
14:55:02	11.8	25.7	-39.7	7325
14:55:03	11.8	25.7	-39.8	7315
14:55:05	11.8	25.6	-40.0	7290
14:55:06	11.8	25.7	-40.1	7279
14:55:08	11.8	25.7	-40.2	7263
14:55:10	11.8	25.7	-40.3	7252
14:55:11	11.9	25.7	-40.4	7232
14:55:13	11.9	25.7	-40.6	7211
14:55:14	11.9	25.6	-40.6	7202
14:55:16	11.9	25.7	-40.8	7174
14:55:17	11.9	25.6	-40.9	7164
14:55:19	11.9	25.7	-41.0	7147
14:55:21	11.9	25.7	-41.1	7138
14:55:22	11.9	25.7	-41.2	7122
14:55:24	11.9	25.6	-41.4	7113
14:55:25	11.9	25.7	-41.5	7097
14:55:27	11.9	25.7	-41.6	7090
14:55:28	11.9	25.7	-41.7	7075
14:55:30	11.9	25.7	-41.8	7065
14:55:32	11.9	25.7	-41.9	7049
14:55:33	11.9	25.7	-42.0	7046
14:55:35	12.0	25.7	-42.1	7031
14:55:36	11.9	25.7	-42.3	7024
14:55:38	12.0	25.7	-42.3	7009
14:55:40	12.0	25.6	-42.4	6993
14:55:41	12.0	25.7	-42.4	6986
14:55:43	12.0	25.6	-42.5	6971
14:55:44	12.1	25.6	-42.6	6963
14:55:46	12.1	25.6	-42.8	6939
14:55:48	12.1	25.6	-42.8	6931
14:55:49	12.1	25.6	-43.0	6920
14:55:51	12.1	25.6	-43.1	6913
14:55:52	12.1	25.7	-43.2	6900
14:55:54	12.0	25.7	-43.2	6895
14:55:55	12.0	25.7	-43.4	6882
14:55:57	12.0	25.7	-43.5	6871
14:55:59	12.0	25.7	-43.6	6864
14:56:00	12.1	25.7	-43.6	6850
14:56:02	12.2	25.7	-43.6	6842
14:56:03	12.1	25.7	-43.7	6831
14:56:05	12.1	25.8	-43.8	6824
14:56:07	12.1	25.9	-43.8	6814
14:56:08	12.1	25.8	-43.9	6810
14:56:10	12.1	25.7	-44.0	6796
14:56:11	12.1	25.7	-44.1	6789
14:56:13	12.1	25.9	-44.2	6780
14:56:14	12.1	26.0	-44.3	6772
14:56:16	12.2	25.8	-44.4	6759
14:56:18	12.2	25.6	-44.4	6749
14:56:19	12.2	25.6	-44.5	6742
14:56:21	12.2	25.6	-44.6	6732
14:56:22	12.2	25.7	-44.7	6721
14:56:24	12.2	25.8	-44.7	6706
14:56:26	12.2	25.9	-44.8	6701
14:56:27	12.2	25.8	-44.9	6690
14:56:29	12.2	25.8	-44.9	6685
14:56:30	12.2	25.7	-45.0	6676
14:56:32	12.2	25.8	-45.1	6670
14:56:33	12.2	25.9	-45.2	6661
14:56:35	12.2	25.9	-45.3	6653
14:56:37	12.2	26.0	-45.3	6643
14:56:38	12.2	25.9	-45.3	6630
14:56:40	12.2	25.9	-45.4	6625
14:56:41	12.2	26.0	-45.5	6617
14:56:43	12.2	25.9	-45.6	6608
14:56:44	12.2	25.9	-45.6	6602
14:56:46	12.2	25.9	-45.7	6633
14:56:48	12.2	25.9	-45.7	6621
14:56:49	12.3	25.9	-45.8	6617
14:56:51	12.2	26.0	-45.8	6616
14:56:52	12.3	26.0	-45.9	6614
14:56:54	12.3	26.1	-45.9	6613
14:56:56	12.2	26.1	-46.0	6613
14:56:57	12.3	26.1	-46.0	6609
14:56:59	12.3	26.1	-46.0	6607
14:57:00	12.3	26.1	-46.0	6608
14:57:02	12.3	26.0	-46.1	6604
14:57:03	12.3	26.1	-46.1	6604
14:57:05	12.3	26.1	-46.1	6604
14:57:07	12.3	26.1	-46.2	6604
14:57:08	12.3	26.0	-46.2	6600
14:57:10	12.3	25.9	-46.2	6603
14:57:11	12.3	25.8	-46.3	6598
14:57:13	12.3	25.8	-46.3	6600
14:57:14	12.4	25.8	-46.3	6598
14:57:16	12.4	25.8	-46.3	6600
14:57:18	12.4	25.9	-46.3	6597
14:57:19	12.4	26.0	-46.3	6598
14:57:21	12.4	26.0	-46.4	6600
14:57:22	12.4	26.0	-46.4	6598
14:57:24	12.4	26.0	-46.4	6595
14:57:26	12.4	26.0	-46.4	6598
14:57:27	12.4	26.0	-46.5	6596
14:57:29	12.4	25.9	-46.5	6596
14:57:30	12.4	25.9	-46.5	6597
14:57:32	12.4	26.0	-46.5	6598
14:57:33	12.4	26.0	-46.5	6595
14:57:35	12.4	26.0	-46.5	6598
14:57:37	12.3	26.0	-46.6	6598
14:57:38	12.4	26.0	-46.6	6598
14:57:40	12.4	26.1	-46.6	6598
14:57:41	12.4	26.1	-46.6	6598
14:57:43	12.4	26.1	-46.6	6600
14:57:45	12.4	26.1	-46.6	6598
14:57:46	12.4	26.2	-46.6	6598
14:57:48	12.4	26.1	-46.6	6598
14:57:49	12.4	26.1	-46.6	6598
14:57:51	12.5	26.0	-46.6	6598
14:57:52	12.4	26.0	-46.6	6600
14:57:54	12.4	26.0	-46.6	6600
14:57:56	12.4	26.0	-46.6	6601
14:57:57	12.5	26.0	-46.6	6598
14:57:59	12.5	25.9	-46.6	6600
14:58:00	12.5	25.9	-46.6	6598
14:58:02	12.5	25.9	-46.6	6598
14:58:04	12.5	25.9	-46.6	6602
14:58:05	12.5	25.8	-46.6	6601
14:58:07	12.5	25.8	-46.6	6598
14:58:08	12.5	25.8	-46.6	6598
14:58:10	12.5	25.8	-46.6	6601
14:58:11	12.5	25.9	-46.6	6603
14:58:13	12.5	25.9	-46.6	6602
14:58:15	12.5	25.9	-46.6	6602
14:58:16	12.5	25.9	-46.6	6602
14:58:18	12.6	25.9	-46.5	6603
14:58:19	12.6	25.8	-46.5	6606
14:58:21	12.4	25.9	-46.6	6604
14:58:23	12.5	25.8	-46.6	6604
14:58:24	12.5	25.8	-46.6	6607
14:58:26	12.5	25.8	-46.6	6608
14:58:27	12.5	25.9	-46.6	6608
14:58:29	12.5	26.0	-46.6	6607
14:58:30	12.5	26.1	-46.5	6608
14:58:32	12.5	26.0	-46.6	6607
14:58:34	12.5	26.1	-46.6	6607
14:58:35	12.5	26.0	-46.5	6608
14:58:37	12.5	26.0	-46.6	6608
14:58:38	12.5	26.0	-46.6	6608
14:58:40	12.5	26.0	-46.6	6609
14:58:42	12.5	25.9	-46.6	6611
14:58:43	12.5	26.0	-46.5	6609
14:58:45	12.5	25.9	-46.5	6609
14:58:46	12.5	25.9	-46.5	6614
14:58:48	12.5	26.0	-46.5	6609
14:58:49	12.5	26.0	-46.5	6612
14:58:51	12.5	26.0	-46.5	6616
14:58:53	12.5	26.0	-46.5	6614
14:58:54	12.5	26.0	-46.5	6616
14:58:56	12.5	26.0	-46.5	6613
14:58:57	12.5	26.0	-46.5	6616
14:58:59	12.5	26.0	-46.5	6618
14:59:01	12.5	26.1	-46.5	6617
14:59:02	11.7	26.0	-46.5	6618
14:59:04	8.0	26.1	-46.0	6632
14:59:05	7.6	26.0	-45.3	6673
14:59:07	7.6	26.0	-44.8	6694
14:59:08	7.8	26.1	-44.1	6743
14:59:10	7.9	26.1	-43.5	6762
14:59:12	8.0	26.1	-43.0	6800
14:59:13	7.6	26.1	-42.4	6819
14:59:15	7.3	26.0	-41.9	6859
14:59:16	7.2	26.0	-41.4	6880
14:59:18	7.0	26.1	-40.9	6924
14:59:20	6.8	26.1	-40.5	6951
14:59:21	6.6	26.0	-40.0	7009
14:59:23	6.5	26.0	-39.5	7035
14:59:24	6.4	26.0	-39.2	7091
14:59:26	6.2	26.0	-38.7	7153
14:59:27	6.1	26.1	-38.4	7215
14:59:29	6.0	26.0	-38.0	7325
14:59:31	5.8	26.1	-37.8	7380
14:59:32	5.7	26.0	-37.4	7494
14:59:34	5.6	26.0	-37.1	7531
14:59:35	5.4	26.1	-36.8	7598
14:59:37	5.3	26.1	-36.4	7621
14:59:39	5.2	26.1	-36.1	7677
14:59:40	5.1	26.1	-35.7	7691
14:59:42	5.1	26.1	-35.3	7728
14:59:43	4.9	26.1	-35.0	7742
14:59:45	4.8	26.1	-34.6	7767
14:59:46	4.7	26.1	-34.3	7775
14:59:48	4.5	26.0	-34.0	7802
14:59:50	4.4	26.1	-33.6	7832
14:59:51	4.4	26.1	-33.3	7843
14:59:53	4.3	26.1	-33.0	7872
14:59:54	4.2	26.1	-32.6	7892
14:59:56	4.0	26.1	-32.4	7903
14:59:57	3.9	26.1	-32.1	7905
14:59:59	3.9	26.1	-31.7	7919
15:00:01	3.8	26.1	-31.5	7930
15:00:02	3.7	26.1	-31.2	7941
15:00:04	3.6	26.1	-30.9	7944
15:00:05	3.5	26.0	-30.6	7944
15:00:07	3.4	26.0	-30.3	7945
15:00:08	3.3	25.9	-30.1	7949
15:00:10	3.2	26.1	-29.8	7949
15:00:12	3.2	26.1	-29.4	7951
15:00:13	3.1	26.1	-29.2	7955
15:00:15	3.0	26.1	-28.9	7956
15:00:16	2.9	26.0	-28.8	7955
15:00:18	2.8	26.1	-28.5	7956
15:00:20	2.8	26.1	-28.2	7958
15:00:21	2.7	26.1	-27.9	7958
15:00:23	2.6	26.1	-27.6	7958
15:00:24	2.5	26.2	-27.4	7961
15:00:26	2.4	26.2	-27.1	7965
15:00:27	2.4	26.2	-26.9	7963
15:00:29	2.4	26.2	-26.6	7968
15:00:31	2.3	26.2	-26.4	7967
15:00:32	2.2	26.2	-26.2	7966
15:00:34	2.1	26.2	-25.9	7970
15:00:35	2.0	26.2	-25.7	7970
15:00:37	2.0	26.0	-25.4	7972
15:00:39	1.9	25.9	-25.2	7972
15:00:40	1.9	25.9	-25.1	7975
15:00:42	1.8	26.1	-24.8	7973
15:00:43	1.7	26.3	-24.6	7975
15:00:45	1.7	26.3	-24.4	7975
15:00:46	1.7	26.2	-24.1	7977
15:00:48	1.6	26.1	-23.9	7977
15:00:50	1.5	25.9	-23.7	7978
15:00:51	1.4	25.9	-23.5	7978
15:00:53	1.4	26.0	-23.3	7979
15:00:54	1.3	26.1	-23.1	7982
15:00:56	1.2	26.2	-22.9	7982
15:00:57	1.2	26.2	-22.7	7984
15:01:00	1.1	26.4	-22.4	7986
15:01:01	1.0	26.4	-22.3	7986
15:01:03	1.0	26.4	-22.1	7987
15:01:04	1.0	26.4	-21.9	7988
15:01:06	0.9	26.5	-21.7	7988
15:01:07	0.9	26.5	-21.5	7988
15:01:09	0.9	26.5	-21.3	7987
15:01:10	0.8	26.4	-21.1	7989
15:01:11	0.8	26.4	-21.0	7988
15:01:13	0.7	26.4	-20.9	7989
15:01:14	0.7	26.3	-20.7	7991
15:01:15	0.6	26.3	-20.5	7992
15:01:17	0.5	26.3	-20.4	7991
15:01:18	0.5	26.3	-20.2	7993
15:01:20	0.5	26.3	-20.1	7994
15:01:21	0.4	26.3	-20.0	7997
15:01:22	0.4	26.4	-19.8	7993
15:01:24	0.4	26.4	-19.7	7997
15:01:25	0.3	26.3	-19.5	7998
15:01:26	0.3	26.4	-19.4	7998
15:01:28	0.3	26.4	-19.2	7999
15:01:29	0.3	26.3	-19.1	7998
15:01:30	0.3	26.3	-18.9	7999
15:01:32	0.2	26.3	-18.8	7999
15:01:33	0.2	26.4	-18.7	8000
15:01:34	0.2	26.5	-18.5	7999
15:01:36	0.1	26.5	-18.3	8002
15:01:37	0.1	26.5	-18.2	8002
15:01:38	0.1	26.5	-18.1	8002
15:01:40	0.0	26.5	-18.0	8003
15:01:41	0.0	26.5	-17.9	8004
15:01:42	0.0	26.5	-17.7	8003
15:01:44	-0.0	26.5	-17.5	8003
15:01:45	-0.0	26.5	-17.5	8004
15:01:46	-0.0	26.5	-17.4	8004
15:01:48	-0.1	26.4	-17.2	8005
15:01:49	-0.2	26.5	-17.2	8007
15:01:50	-0.2	26.4	-17.1	8004
15:01:52	-0.2	26.5	-16.9	8005
15:01:53	-0.3	26.5	-16.9	8005
15:01:54	-0.3	26.4	-16.7	8008
15:01:56	-0.3	26.4	-16.6	8008
15:01:57	-0.3	26.5	-16.5	8010
15:01:58	-0.4	26.4	-16.4	8010
15:02:00	-0.4	26.4	-16.2	8008
15:02:01	-0.4	26.5	-16.1	8008
15:02:02	-0.4	26.6	-16.0	8013
15:02:04	-0.4	26.5	-15.9	8010
15:02:05	-0.4	26.5	-15.8	8013
15:02:06	-0.4	26.5	-15.6	8013
15:02:08	-0.4	26.6	-15.5	8014
15:02:09	-0.5	26.6	-15.5	8013
15:02:11	-0.5	26.5	-15.3	8014
15:02:12	-0.5	26.6	-15.2	8013
15:02:13	-0.5	26.6	-15.1	8014
15:02:15	-0.6	26.7	-15.0	8014
15:02:16	-0.6	26.8	-14.9	8015
15:02:17	-0.6	26.8	-14.9	8017
15:02:19	-0.7	26.8	-14.8	8017
15:02:20	-0.6	26.7	-14.7	8017
15:02:21	-0.7	26.7	-14.6	8017
15:02:23	-0.7	26.7	-14.4	8018
15:02:24	-0.7	26.7	-14.3	8017
15:02:25	-0.7	26.6	-14.2	8018
15:02:27	-0.8	26.6	-14.1	8018
15:02:28	-0.8	26.6	-14.1	8019
15:02:29	-0.8	26.6	-13.9	8018
15:02:31	-0.8	26.6	-13.9	8019
15:02:32	-0.9	26.6	-13.8	8020
15:02:33	-0.8	26.6	-13.6	8020
15:02:35	-0.9	26.7	-13.5	8020
15:02:36	-0.9	26.6	-13.5	8020
15:02:37	-0.9	26.6	-13.4	8019
15:02:39	-0.9	26.6	-13.3	8020
15:02:40	-0.9	26.7	-13.3	8022
15:02:41	-1.0	26.6	-13.2	8020
15:02:43	-1.0	26.6	-13.0	8024
15:02:44	-1.0	26.6	-13.0	8022
15:02:45	-1.0	26.6	-12.9	8023
15:02:47	-1.0	26.6	-12.8	8020
15:02:48	-1.0	26.6	-12.7	8023
15:02:49	-1.1	26.6	-12.6	8024
15:02:51	-1.0	26.6	-12.5	8025
15:02:52	-1.0	26.7	-12.4	8024
15:02:53	-1.0	26.7	-12.3	8024
15:02:55	-1.0	26.7	-12.2	8024
15:02:56	-1.0	26.7	-12.1	8024
15:02:57	-1.0	26.7	-12.1	8026
15:02:59	-1.1	26.6	-12.0	8026
15:03:00	-1.1	26.7	-11.9	8026
15:03:02	-1.1	26.7	-11.8	8028
15:03:03	-1.1	26.7	-11.7	8028
15:03:04	-1.1	26.7	-11.6	8028
15:03:06	-1.1	26.7	-11.5	8029
15:03:07	-1.1	26.6	-11.4	8030
15:03:08	-1.1	26.6	-11.4	8028
15:03:10	-1.1	26.6	-11.2	8030
15:03:11	-1.2	26.6	-11.2	8028
15:03:12	-1.1	26.5	-11.1	8030
15:03:14	-1.2	26.5	-11.0	8030
15:03:15	-1.1	26.6	-10.9	8031
15:03:16	-1.2	26.6	-10.8	8031
15:03:18	-1.2	26.6	-10.8	8030
15:03:19	-1.2	26.6	-10.7	8031
15:03:20	-1.2	26.6	-10.6	8030
15:03:22	-1.2	26.6	-10.5	8031
15:03:23	-1.2	26.6	-10.4	8031
15:03:24	-1.3	26.6	-10.4	8033
15:03:26	-1.2	26.6	-10.2	8031
15:03:27	-1.3	26.6	-10.1	8033
15:03:28	-1.2	26.6	-10.0	8031
15:03:30	-1.2	26.7	-10.0	8031
15:03:31	-1.3	26.8	-9.9	8031
15:03:32	-1.2	26.8	-9.8	8033
15:03:34	-1.3	26.7	-9.8	8033
15:03:35	-1.3	26.7	-9.7	8033
15:03:36	-1.3	26.7	-9.6	8031
15:03:38	-1.3	26.7	-9.5	8033
15:03:39	-1.3	26.6	-9.4	8034
15:03:40	-1.3	26.7	-9.4	8034
15:03:42	-1.3	26.7	-9.3	8034
15:03:43	-1.3	26.7	-9.2	8034
15:03:44	-1.3	26.6	-9.2	8035
15:03:46	-1.3	26.6	-9.1	8034
15:03:47	-1.3	26.5	-9.0	8033
15:03:48	-1.3	26.6	-8.9	8035
15:03:50	-1.3	26.5	-8.8	8035
15:03:51	-1.3	26.5	-8.8	8035
15:03:52	-1.3	26.5	-8.7	8036
15:03:54	-1.3	26.5	-8.7	8034
15:03:55	-1.3	26.5	-8.6	8035
15:03:56	-1.3	26.6	-8.5	8035
15:03:58	-1.3	26.6	-8.4	8038
15:03:59	-1.3	26.6	-8.4	8038
15:04:00	-1.3	26.6	-8.3	8038
15:04:02	-1.3	26.6	-8.2	8039
15:04:03	-1.3	26.6	-8.1	8038
15:04:05	-1.3	26.5	-8.1	8039
15:04:06	-1.3	26.5	-8.0	8039
15:04:07	-1.3	26.6	-8.0	8040
15:04:09	-1.4	26.6	-8.0	8043
15:04:10	-1.3	26.6	-7.9	8039
15:04:11	-1.3	26.6	-7.8	8041
15:04:13	-1.3	26.5	-7.7	8043
15:04:14	-1.3	26.6	-7.7	8043
15:04:15	-1.4	26.6	-7.6	8041
15:04:17	-1.3	26.7	-7.5	8040
15:04:18	-1.4	26.6	-7.5	8040
15:04:19	-1.4	26.6	-7.5	8041
15:04:21	-1.3	26.6	-7.4	8041
15:04:22	-1.3	26.6	-7.3	8041
15:04:23	-1.3	26.6	-7.3	8044
15:04:25	-1.3	26.6	-7.2	8041
15:04:26	-1.3	26.6	-7.1	8040
15:04:27	-1.3	26.7	-7.0	8044
15:04:29	-1.3	26.7	-7.0	8041
15:04:30	-1.3	26.6	-6.9	8043
15:04:31	-1.3	26.6	-6.9	8043
15:04:33	-1.3	26.6	-6.8	8043
15:04:34	-1.3	26.6	-6.8	8045
15:04:35	-1.3	26.6	-6.7	8044
15:04:37	-1.2	26.6	-6.7	8044
15:04:38	-1.2	26.5	-6.6	8044
15:04:39	-1.2	26.6	-6.6	8045
15:04:41	-1.3	26.6	-6.5	8046
15:04:42	-1.3	26.6	-6.4	8045
15:04:43	-1.3	26.6	-6.4	8045
15:04:45	-1.3	26.6	-6.4	8045
15:04:46	-1.3	26.5	-6.3	8044
15:04:47	-1.2	26.6	-6.2	8045
15:04:49	-1.2	26.5	-6.2	8045
15:04:50	-1.2	26.6	-6.1	8046
15:04:51	-1.2	26.6	-6.0	8045
15:04:53	-1.2	26.5	-6.0	8046
15:04:54	-1.3	26.5	-6.0	8045
15:04:55	-1.2	26.5	-5.9	8046
15:04:57	-1.2	26.6	-5.9	8046
15:04:58	-1.2	26.6	-5.8	8045
15:05:00	-1.2	26.6	-5.8	8045
15:05:01	-1.2	26.6	-5.7	8045
15:05:02	-1.2	26.6	-5.7	8044
15:05:04	-1.2	26.6	-5.6	8046
15:05:05	-1.2	26.6	-5.5	8045
15:05:06	-1.2	26.6	-5.5	8045
15:05:08	-1.2	26.6	-5.5	8046
15:05:09	-1.2	26.6	-5.4	8044
15:05:10	-1.2	26.6	-5.4	8045
15:05:12	-1.2	26.6	-5.3	8044
15:05:13	-1.2	26.6	-5.3	8045
15:05:14	-1.2	26.7	-5.2	8045
15:05:16	-1.2	26.6	-5.3	8045
15:05:17	-1.2	26.6	-5.1	8046
15:05:18	-1.2	26.6	-5.1	8046
15:05:20	-1.2	26.6	-5.1	8045
15:05:21	-1.1	26.6	-5.0	8046
15:05:22	-1.1	26.6	-5.0	8046
15:05:24	-1.1	26.7	-4.9	8046
15:05:25	-1.1	26.5	-4.8	8045
15:05:26	-1.1	26.6	-4.8	8046
15:05:28	-1.1	26.7	-4.8	8048
15:05:29	-1.1	26.7	-4.7	8048
15:05:30	-1.1	26.6	-4.7	8046
15:05:32	-1.1	26.6	-4.6	8045
15:05:33	-1.2	26.5	-4.6	8046
15:05:34	-1.1	26.6	-4.6	8046
15:05:36	-1.1	26.6	-4.6	8046
15:05:37	-1.1	26.6	-4.5	8048
15:05:38	-1.1	26.6	-4.5	8046
15:05:40	-1.1	26.6	-4.5	8046
15:05:41	-1.1	26.7	-4.4	8048
15:05:42	-1.2	26.6	-4.4	8048
15:05:44	-1.1	26.7	-4.4	8049
15:05:45	-1.1	26.6	-4.3	8046
15:05:46	-1.2	26.6	-4.3	8048
15:05:48	-1.1	26.6	-4.3	8048
15:05:49	-1.1	26.7	-4.2	8050
15:05:51	-1.1	26.7	-4.2	8048
15:05:52	-1.1	26.7	-4.2	8049
15:05:53	-1.1	26.7	-4.1	8050
15:05:55	-1.1	26.8	-4.1	8050
15:05:56	-1.1	26.8	-4.0	8048
15:05:57	-1.1	26.7	-4.0	8048
15:05:59	-1.0	26.8	-3.9	8050
15:06:00	-1.1	26.8	-4.0	8050
15:06:01	-1.0	26.7	-3.9	8048
15:06:03	-1.0	26.7	-3.9	8049
15:06:04	-1.0	26.8	-3.8	8049
15:06:05	-1.0	26.8	-3.8	8050
15:06:07	-1.0	26.8	-3.8	8050
15:06:08	-1.0	26.7	-3.8	8049
15:06:09	-1.0	26.7	-3.7	8050
15:06:11	-1.0	26.8	-3.6	8049
15:06:12	-1.0	26.8	-3.6	8050
15:06:13	-0.9	26.7	-3.6	8050
15:06:15	-1.0	26.8	-3.5	8049
15:06:16	-1.0	26.7	-3.5	8049
15:06:17	-0.9	26.8	-3.5	8050
15:06:19	-0.9	26.7	-3.5	8049
15:06:20	-0.9	26.7	-3.4	8050
15:06:21	-0.9	26.7	-3.4	8050
15:06:23	-0.9	26.6	-3.4	8049
15:06:24	-0.9	26.7	-3.3	8050
15:06:25	-0.9	26.8	-3.3	8050
15:06:27	-0.9	26.7	-3.3	8050
15:06:28	-0.8	26.7	-3.2	8051
15:06:29	-0.8	26.7	-3.2	8054
15:06:31	-0.8	26.7	-3.2	8052
15:06:32	-0.8	26.8	-3.1	8050
15:06:33	-0.8	26.8	-3.1	8050
15:06:35	-0.8	26.8	-3.1	8052
15:06:36	-0.8	26.8	-3.0	8051
15:06:37	-0.8	26.7	-3.0	8050
15:06:39	-0.8	26.7	-3.0	8052
15:06:40	-0.7	26.7	-2.9	8051
15:06:42	-0.7	26.6	-2.9	8050
15:06:43	-0.7	26.6	-2.9	8050
15:06:44	-0.7	26.6	-2.8	8051
15:06:46	-0.7	26.5	-2.8	8052
15:06:47	-0.7	26.5	-2.8	8052
15:06:48	-0.7	26.5	-2.7	8051
15:06:50	-0.7	26.5	-2.7	8054
15:06:51	-0.6	26.5	-2.7	8052
15:06:52	-0.7	26.4	-2.7	8054
15:06:54	-0.7	26.4	-2.6	8052
15:06:55	-0.6	26.3	-2.6	8052
15:06:56	-0.6	26.3	-2.6	8051
15:06:58	-0.6	26.3	-2.5	8052
15:06:59	-0.6	26.3	-2.5	8051
15:07:00	-0.6	26.3	-2.5	8052
15:07:02	-0.5	26.3	-2.5	8054
15:07:03	-0.5	26.3	-2.5	8055
15:07:04	-0.5	26.4	-2.4	8052
15:07:06	-0.5	26.3	-2.4	8052
15:07:07	-0.5	26.3	-2.4	8051
15:07:08	-0.5	26.3	-2.3	8052
15:07:10	-0.5	26.3	-2.3	8051
15:07:11	-0.5	26.3	-2.4	8050
15:07:12	-0.5	26.3	-2.3	8052
15:07:14	-0.5	26.3	-2.3	8051
15:07:15	-0.4	26.3	-2.2	8051
15:07:16	-0.4	26.3	-2.2	8051
15:07:18	-0.5	26.3	-2.2	8052
15:07:19	-0.4	26.3	-2.2	8050
15:07:20	-0.4	26.4	-2.1	8054
15:07:22	-0.5	26.4	-2.1	8050
15:07:23	-0.5	26.3	-2.1	8051
15:07:24	-0.4	26.3	-2.1	8051
15:07:26	-0.4	26.4	-2.0	8051
15:07:27	-0.4	26.3	-2.0	8052
15:07:28	-0.4	26.3	-2.0	8050
15:07:30	-0.4	26.3	-1.9	8051
15:07:31	-0.4	26.3	-1.9	8051
15:07:32	-0.4	26.3	-1.9	8051
15:07:34	-0.4	26.3	-1.9	8050
15:07:35	-0.4	26.3	-1.9	8051
15:07:36	-0.3	26.4	-1.9	8051
15:07:38	-0.3	26.4	-1.9	8050
15:07:39	-0.3	26.4	-1.8	8049
15:07:41	-0.3	26.3	-1.8	8050
15:07:42	-0.3	26.3	-1.8	8049
15:07:43	-0.3	26.3	-1.8	8050
15:07:45	-0.3	26.3	-1.8	8051
15:07:46	-0.3	26.3	-1.8	8051
15:07:47	-0.4	26.3	-1.8	8052
15:07:49	-0.3	26.3	-1.8	8052
15:07:50	-0.3	26.3	-1.7	8051
15:07:51	-0.3	26.2	-1.7	8051
15:07:53	-0.3	26.3	-1.7	8051
15:07:54	-0.3	26.3	-1.7	8050
15:07:55	-0.2	26.2	-1.6	8051
15:07:57	-0.2	26.3	-1.6	8051
15:07:58	-0.3	26.3	-1.6	8051
15:07:59	-0.3	26.3	-1.6	8049
15:08:01	-0.1	26.3	-1.5	8050
15:08:02	-0.2	26.2	-1.5	8050
15:08:03	-0.1	26.2	-1.5	8050
15:08:05	-0.1	26.2	-1.5	8052
15:08:06	-0.1	26.2	-1.5	8050
15:08:07	-0.1	26.2	-1.4	8050
15:08:09	-0.1	26.2	-1.4	8052
15:08:10	-0.1	26.2	-1.4	8050
15:08:11	-0.1	26.2	-1.4	8050
15:08:13	-0.1	26.2	-1.4	8051
15:08:14	-0.1	26.2	-1.4	8051
15:08:15	-0.1	26.3	-1.3	8051
15:08:17	-0.1	26.2	-1.3	8051
15:08:18	-0.1	26.3	-1.3	8049
15:08:19	-0.1	26.3	-1.3	8050
15:08:21	-0.0	26.2	-1.3	8051
15:08:22	-0.0	26.2	-1.2	8052
15:08:23	-0.0	26.2	-1.2	8050
15:08:25	-0.0	26.2	-1.2	8051
15:08:26	-0.0	26.2	-1.2	8050
15:08:27	-0.0	26.2	-1.2	8049
15:08:29	-0.0	26.3	-1.2	8050
15:08:30	-0.0	26.2	-1.2	8054
15:08:32	-0.0	26.2	-1.1	8050
15:08:33	0.0	26.3	-1.1	8051
15:08:34	0.0	26.3	-1.1	8050
15:08:36	-0.0	26.3	-1.1	8050
15:08:37	0.0	26.3	-1.1	8049
15:08:38	0.0	26.2	-1.1	8050
15:08:40	0.0	26.3	-1.1	8051
15:08:41	0.0	26.3	-1.1	8052
15:08:42	0.0	26.3	-1.0	8051
15:08:44	0.0	26.3	-1.0	8050
15:08:45	0.0	26.3	-1.0	8051
15:08:46	0.0	26.3	-1.0	8049
15:08:48	0.1	26.3	-0.9	8049
15:08:49	0.1	26.3	-0.9	8051
15:08:50	0.1	26.3	-0.9	8051
15:08:52	0.1	26.3	-0.9	8052
15:08:53	0.2	26.3	-0.8	8050
15:08:54	0.1	26.3	-0.9	8050
15:08:56	0.2	26.3	-0.8	8051
15:08:57	0.2	26.3	-0.8	8051
15:08:58	0.2	26.3	-0.8	8051
15:09:00	0.2	26.3	-0.8	8051
15:09:01	0.2	26.3	-0.7	8054
15:09:02	0.2	26.3	-0.7	8050
15:09:04	0.2	26.3	-0.7	8052
15:09:05	0.2	26.3	-0.7	8052
15:09:06	0.2	26.3	-0.7	8054
15:09:08	0.2	26.3	-0.8	8054
15:09:09	0.2	26.3	-0.8	8054
15:09:10	0.3	26.3	-0.7	8056
15:09:12	0.3	26.4	-0.7	8056
15:09:13	0.3	26.5	-0.6	8057
15:09:14	0.4	26.5	-0.5	8057
15:09:16	0.4	26.5	-0.5	8057
15:09:17	0.4	26.4	-0.4	8057
15:09:18	0.5	26.4	-0.3	8057
15:09:20	0.5	26.3	-0.3	8057
15:09:21	0.5	26.3	-0.3	8056
15:09:22	0.6	26.3	-0.2	8059
15:09:24	0.6	26.3	-0.2	8057
15:09:25	0.6	26.3	-0.1	8057
15:09:26	0.7	26.3	-0.1	8057
15:09:28	0.7	26.3	-0.1	8057
15:09:29	0.7	26.3	-0.0	8056
15:09:31	0.8	26.3	-0.0	8057
15:09:32	0.8	26.3	0.0	8059
15:09:33	0.8	26.3	0.0	8059
15:09:35	0.8	26.3	0.1	8059
15:09:36	0.9	26.3	0.2	8059
15:09:37	0.9	26.3	0.2	8059
15:09:39	1.0	26.2	0.2	8059
15:09:40	1.0	26.3	0.3	8060
15:09:41	1.0	26.2	0.3	8059
15:09:43	0.9	26.3	0.3	8059
15:09:44	1.0	26.2	0.3	8060
15:09:45	1.0	26.3	0.4	8060
15:09:47	1.1	26.3	0.4	8060
15:09:48	1.1	26.2	0.5	8060
15:09:49	1.2	26.2	0.5	8060
15:09:51	1.2	26.2	0.5	8059
15:09:52	1.2	26.3	0.6	8059
15:09:53	1.2	26.3	0.6	8059
15:09:55	1.3	26.3	0.7	8059
15:09:56	1.3	26.3	0.7	8060
15:09:57	1.4	26.3	0.8	8060
15:09:59	1.4	26.3	0.8	8060
15:10:00	1.4	26.2	0.9	8059
15:10:01	1.5	26.3	0.9	8060
15:10:03	1.6	26.3	1.0	8060
15:10:04	1.6	26.3	1.0	8061
15:10:05	1.6	26.3	1.0	8059
15:10:07	1.6	26.3	1.0	8059
15:10:08	1.6	26.3	1.1	8059
15:10:09	1.7	26.3	1.1	8060
15:10:11	1.7	26.3	1.1	8059
15:10:12	1.7	26.3	1.1	8060
15:10:13	1.7	26.3	1.2	8060
15:10:15	1.8	26.3	1.2	8059
15:10:16	1.8	26.3	1.3	8059
15:10:17	1.8	26.3	1.3	8059
15:10:19	1.8	26.3	1.3	8059
15:10:20	1.8	26.3	1.3	8059
15:10:22	1.9	26.3	1.4	8060
15:10:23	1.9	26.3	1.4	8060
15:10:24	1.9	26.3	1.5	8060
15:10:26	2.0	26.3	1.5	8061
15:10:27	2.0	26.3	1.5	8060
15:10:28	2.0	26.3	1.5	8059
15:10:30	2.0	26.2	1.5	8060
15:10:31	2.0	26.3	1.5	8061
15:10:32	2.1	26.3	1.6	8060
15:10:34	2.0	26.2	1.6	8060
15:10:35	2.0	26.2	1.6	8060
15:10:36	2.1	26.2	1.6	8060
15:10:38	2.1	26.3	1.7	8060
15:10:39	2.1	26.2	1.7	8059
15:10:40	2.2	26.3	1.7	8060
15:10:42	2.2	26.2	1.7	8060
15:10:43	2.2	26.3	1.8	8060
15:10:44	2.2	26.2	1.7	8060
15:10:46	2.3	26.2	1.8	8060
15:10:47	2.3	26.2	1.8	8059
15:10:48	2.3	26.2	1.8	8060
15:10:50	2.3	26.2	1.8	8060
15:10:51	2.3	26.3	1.8	8060
15:10:52	2.3	26.3	1.9	8060
15:10:54	2.3	26.3	1.9	8060
15:10:55	2.3	26.3	1.9	8060
15:10:56	2.4	26.3	1.9	8060
15:10:58	2.4	26.3	2.0	8060
15:10:59	2.4	26.2	2.0	8060
15:11:00	2.4	26.2	2.0	8060
15:11:02	2.4	26.2	2.0	8060
15:11:03	2.5	26.2	2.1	8060
15:11:04	2.4	26.3	2.1	8060
15:11:06	2.5	26.3	2.1	8060
15:11:07	2.5	26.3	2.1	8060
15:11:08	2.6	26.3	2.2	8060
15:11:10	2.6	26.3	2.2	8061
15:11:11	2.6	26.3	2.2	8060
15:11:12	2.6	26.2	2.2	8061
15:11:14	2.6	26.3	2.2	8060
15:11:15	2.7	26.3	2.3	8060
15:11:16	2.7	26.2	2.3	8060
15:11:18	2.7	26.2	2.3	8060
15:11:19	2.7	26.2	2.3	8060
15:11:21	2.7	26.2	2.3	8060
15:11:22	2.8	26.2	2.4	8060
15:11:23	2.8	26.2	2.4	8061
15:11:25	2.8	26.2	2.4	8061
15:11:26	2.9	26.2	2.4	8061
15:11:27	2.9	26.2	2.5	8061
15:11:29	2.9	26.2	2.5	8061
15:11:30	3.0	26.2	2.5	8061
15:11:31	3.0	26.2	2.5	8061
15:11:33	3.0	26.2	2.5	8062
15:11:34	3.0	26.2	2.5	8064
15:11:35	3.0	26.2	2.5	8064
15:11:37	3.1	26.2	2.5	8064
15:11:38	3.1	26.3	2.5	8062
15:11:39	3.1	26.2	2.5	8065
15:11:41	3.1	26.2	2.6	8065
15:11:42	3.1	26.2	2.6	8067
15:11:43	3.1	26.2	2.6	8066
15:11:45	3.2	26.2	2.6	8065
15:11:46	3.2	26.2	2.6	8067
15:11:47	3.2	26.2	2.6	8067
15:11:49	3.3	26.2	2.7	8067
15:11:50	3.3	26.2	2.6	8067
15:11:51	3.3	26.2	2.6	8067
15:11:53	3.3	26.2	2.6	8066
15:11:54	3.4	26.2	2.6	8066
15:11:55	3.4	26.2	2.6	8066
15:11:57	3.4	26.2	2.6	8066
15:11:58	3.5	26.2	2.5	8071
15:11:59	3.5	26.2	2.6	8070
15:12:01	3.5	26.2	2.5	8070
15:12:02	3.5	26.3	2.5	8070
